"text","class"
"15 Pro ‡∏Ç‡∏≠‡∏á‡∏ú‡∏°‡πÑ‡∏°‡πà‡πÄ‡∏à‡∏≠‡∏õ‡∏±‡∏ç‡∏´‡∏≤‡πÄ‡∏Ñ‡∏£‡∏∑‡πà‡∏≠‡∏á‡∏£‡πâ‡∏≠‡∏ô‡πÅ‡∏Æ‡∏∞ (‡∏ä‡∏≤‡∏£‡πå‡∏à‡∏£‡πâ‡∏≠‡∏ô‡∏ô‡πâ‡∏≠‡∏¢‡∏Å‡∏ß‡πà‡∏≤ i11 LN ‡∏≠‡∏µ‡∏Å) ‡∏à‡∏∞‡∏£‡πâ‡∏≠‡∏ô‡∏Å‡πá‡∏ï‡∏≠‡∏ô‡πÄ‡∏•‡πà‡∏ô‡πÄ‡∏Å‡∏° (ArenaBrekout) ‡∏ó‡∏µ‡πà‡∏£‡πâ‡∏≠‡∏ô‡∏à‡∏ô‡∏™‡∏±‡∏°‡∏ú‡∏±‡∏™‡πÑ‡∏î‡πâ ‡∏ã‡∏∂‡πà‡∏á‡∏õ‡∏Å‡∏ï‡∏¥(‡∏Å‡πá‡∏õ‡∏£‡∏±‡∏ö‡∏†‡∏≤‡∏û‡∏≠‡∏±‡∏•‡∏ï‡∏£‡πâ‡∏≤‡∏Ç‡∏ô‡∏≤‡∏î‡∏ô‡∏±‡πâ‡∏ô) ‡πÅ‡∏ö‡∏ï‡∏Å‡πá‡∏•‡∏î‡∏ï‡∏≤‡∏°‡∏õ‡∏Å‡∏ï‡∏¥‡∏ï‡∏≤‡∏°‡∏Å‡∏≤‡∏£‡πÉ‡∏ä‡πâ‡∏á‡∏≤‡∏ô","0"
"‡πÄ‡∏£‡πá‡∏ß ‡πÅ‡∏£‡∏á ‡∏Å‡πá‡∏¢‡πà‡∏≠‡∏°‡∏°‡∏≤‡∏Å‡∏±‡∏ö ‡∏£‡∏±‡πâ‡∏≠‡∏ô","0"
"‡∏ú‡∏°‡∏õ‡∏Å‡∏ï‡∏¥‡∏ô‡∏∞ ‡πÄ‡∏à‡∏≠‡∏ï‡∏≠‡∏ô‡πÅ‡∏£‡∏Å‡πÜ ‡∏ä‡πà‡∏ß‡∏á‡∏ß‡∏±‡∏ô‡πÅ‡∏£‡∏Å ‡∏ú‡πà‡∏≤‡∏ô‡∏°‡∏≤‡∏Å‡πá‡∏ó‡∏±‡πà‡∏ß‡πÜ‡πÑ‡∏õ ‡∏£‡∏π‡πâ‡∏™‡∏∂‡∏Å‡∏ß‡πà‡∏≤‡πÅ‡∏ö‡∏ï‡∏î‡∏µ‡∏Å‡∏ß‡πà‡∏≤ 14PM ‡∏≠‡∏µ‡∏Å","0"
"‡∏û‡∏≠‡∏°‡∏±‡∏ô compatible ‡∏Å‡∏±‡∏ö‡∏≠‡∏¢‡πà‡∏≤‡∏á‡∏≠‡∏∑‡πà‡∏ô‡πÑ‡∏î‡πâ ‡∏°‡∏±‡∏ô‡πÉ‡∏ä‡πâ‡πÑ‡∏î‡πâ‡∏á‡πà‡∏≤‡∏¢‡πÅ‡∏•‡∏∞‡∏´‡∏•‡∏≤‡∏Å‡∏´‡∏•‡∏≤‡∏¢‡∏°‡∏≤‡∏Å‡∏Ç‡∏∂‡πâ‡∏ô‡πÄ‡∏•‡∏¢‡∏Ñ‡∏£‡∏±‡∏ö","0"
"‡πÄ‡∏£‡∏∑‡πà‡∏≠‡∏á‡πÄ‡∏Å‡∏°‡∏Ñ‡∏≠‡∏ô‡πÇ‡∏ã‡∏• ‡∏ñ‡∏∑‡∏≠‡∏ß‡πà‡∏≤‡∏ó‡∏≥‡πÑ‡∏î‡πâ‡∏î‡∏µ‡∏°‡∏≤‡∏Å‡πÜ‡πÅ‡∏•‡πâ‡∏ß ‡πÉ‡∏ô‡∏Ñ‡∏∏‡∏ì‡∏†‡∏≤‡∏û‡∏£‡∏∞‡∏î‡∏±‡∏ö‡∏ô‡∏µ‡πâ ‡∏†‡∏≤‡∏û720p fram30 ‡∏°‡∏µray tracing/up scale ‡πÄ‡∏≠‡∏≤‡πÄ‡∏Å‡∏°‡∏Ñ‡∏≠‡∏ô‡πÇ‡∏ã‡∏•‡∏°‡∏≤‡πÄ‡∏•‡πà‡∏ô‡∏ö‡∏ô‡∏°‡∏∑‡∏≠‡∏ñ‡∏∑‡∏≠‡πÑ‡∏°‡πà‡πÉ‡∏ä‡πâ‡πÅ‡∏≠‡∏û‡∏ä‡πà‡∏ß‡∏¢ ‡∏ß‡∏±‡∏î‡πÑ‡∏î‡πâ‡∏´‡∏•‡∏≤‡∏¢‡∏≠‡∏¢‡πà‡∏≤‡∏á‡∏Ñ‡∏£‡∏±‡∏ö ‡∏≠‡∏¢‡πà‡∏≤‡∏•‡∏∑‡∏°‡∏ß‡πà‡∏≤‡∏ä‡∏¥‡∏õ‡∏°‡∏∑‡∏≠‡∏ñ‡∏∑‡∏≠‡πÑ‡∏°‡πà‡πÄ‡∏´‡∏°‡∏∑‡∏≠‡∏ô‡∏Å‡∏≤‡∏£‡πå‡∏î‡∏à‡∏≠‡∏Ñ‡∏≠‡∏°‡πÄ‡∏õ‡πá‡∏ô‡∏ò‡∏£‡∏£‡∏°‡∏î‡∏≤‡∏ó‡∏µ‡πà‡∏°‡∏∑‡∏≠‡∏ñ‡∏∑‡∏≠‡∏à‡∏∞‡∏û‡∏±‡∏í‡∏ô‡∏≤‡∏ä‡πâ‡∏≤‡∏Å‡∏ß‡πà‡∏≤ ‡∏£‡∏≠‡∏ö‡∏ô‡∏µ‡πâ‡∏ñ‡∏∑‡∏≠‡πÄ‡∏õ‡πá‡∏ô‡∏à‡∏∏‡∏î‡πÄ‡∏õ‡∏•‡∏µ‡πà‡∏¢‡∏ô‡πÉ‡∏´‡∏ç‡πà‡πÉ‡∏´‡πâ‡∏™‡∏°‡∏≤‡∏£‡πå‡∏ó‡πÇ‡∏ü‡∏ô‡∏´‡∏•‡∏≤‡∏¢‡∏£‡∏∏‡πà‡∏ô","0"
"‡∏ä‡∏≠‡∏ö‡πÜ‡πÜ ‡∏≠‡∏¢‡∏≤‡∏Å‡πÑ‡∏î‡πâ‡∏°‡∏≤‡∏Å‡∏Å","0"
"‡∏Ç‡∏≠‡∏ö‡∏à‡∏≠‡∏ó‡∏µ‡πà‡πÇ‡∏Ñ‡∏ï‡∏£‡∏ö‡∏≤‡∏á‡∏á‡∏á‡∏á‡∏á‡∏á‡∏á ‡πÄ‡∏ó‡∏û‡∏à‡∏£‡∏¥‡∏á","0"
"‡∏™‡∏ß‡∏¢‡∏ñ‡∏π‡∏Å‡πÉ‡∏à‡∏ú‡∏°‡∏°‡∏≤‡∏Å‡∏à‡∏±‡∏î‡∏°‡∏≤‡∏•‡∏∞‡∏Ñ‡∏£‡∏±‡∏ö‡∏≠‡∏≠‡∏Å‡∏à‡∏≤‡∏Å‡∏ä‡πâ‡∏≠‡∏õ‡πÑ‡∏õ‡∏ï‡∏¥‡∏î‡∏ü‡∏¥‡∏•‡πå‡∏°‡∏Å‡∏£‡∏∞‡∏à‡∏Å‡∏Ç‡∏≠‡∏á‡πÄ‡∏≠‡πÄ‡∏ö‡∏¥‡∏•‡πÄ‡∏°‡πá‡∏ô‡∏£‡∏∏‡πà‡∏ô‡πÉ‡∏´‡∏°‡πà‡∏Å‡∏£‡∏∞‡∏à‡∏Å‡∏Ñ‡∏£‡∏¥‡∏™‡∏ï‡∏±‡∏™‡∏ó‡∏±‡∏ô‡∏ó‡∏µ ‡∏Å‡∏±‡∏ô‡∏Å‡∏£‡∏∞‡πÅ‡∏ó‡∏Å‡πÄ‡∏¢‡∏µ‡πà‡∏¢‡∏°‡∏°‡∏≤‡∏Å‡πÜ ‡∏Ñ‡∏∏‡∏ì‡∏†‡∏≤‡∏û‡∏Ñ‡∏∏‡πâ‡∏°‡∏£‡∏≤‡∏Ñ‡∏≤‡∏Ñ‡∏£‡∏±‡∏ö‡πÑ‡∏î‡πâ‡∏£‡∏±‡∏ö‡∏õ‡∏£‡∏∞‡∏Å‡∏±‡∏ô 5 ‡∏õ‡∏µ","0"
"‡πÄ‡∏õ‡πá‡∏ô‡∏£‡∏∏‡πà‡∏ô‡πÉ‡∏´‡∏°‡πà‡∏ó‡∏µ‡πà‡∏ô‡πà‡∏≤‡∏ã‡∏∑‡πâ‡∏≠‡∏°‡∏≤‡∏Å","0"
"‡∏ä‡∏≠‡∏ö‡∏Ñ‡∏ß‡∏≤‡∏°‡∏ï‡πà‡∏≠‡πÄ‡∏Ç‡πâ‡∏≤‡∏à‡∏≠‡∏î‡∏π‡πÄ‡∏ô‡πá‡∏ï‡∏ü‡∏•‡∏¥‡∏Å‡∏≠‡∏∞ ‡πÄ‡∏£‡∏¥‡πà‡∏î‡πÄ‡∏Å‡∏¥‡∏ô","0"
"‡∏™‡∏ß‡∏¢‡∏à‡∏±‡∏î‡∏Ñ‡∏£‡∏±‡∏ö","0"
"‡πÅ‡∏ö‡∏ö‡∏ô‡∏µ‡πâ‡∏£‡∏∏‡πà‡∏ô‡πÄ‡∏£‡∏¥‡πà‡∏°‡∏ï‡πâ‡∏ô‡∏Ç‡∏≤‡∏¢‡∏î‡∏µ‡πÅ‡∏ô‡πà‡∏ô‡∏≠‡∏ô ‡πÄ‡∏û‡∏£‡∏≤‡∏∞‡∏≠‡∏∏‡∏õ‡∏Å‡∏£‡∏ì‡πå‡∏™‡∏≤‡∏°‡∏≤‡∏£‡∏ñ third party ‡πÑ‡∏î‡πâ ‡∏î‡∏µ‡∏á‡∏≤‡∏°‡∏à‡∏£‡∏¥‡∏á‡πÜ","0"
"‡∏™‡∏µ‡∏™‡∏ß‡∏¢ ‡∏´‡∏ô‡πâ‡∏≤‡∏ï‡∏≤‡∏î‡∏π‡∏î‡∏µ‡∏à‡∏£‡∏¥‡∏á‡∏Ñ‡πà‡∏∞ ‡πÅ‡∏ï‡πà‡∏™‡πÄ‡∏õ‡∏Ñ ‡∏´‡∏•‡∏≤‡∏¢‡πÜ ‡∏ï‡∏±‡∏ß‡∏Ç‡∏≠‡∏á‡πÅ‡∏≠‡∏ô‡∏î‡∏£‡∏≠‡∏¢‡∏î‡πå‡πÑ‡∏õ‡πÑ‡∏Å‡∏•‡∏Å‡∏ß‡πà‡∏≤‡πÄ‡∏¢‡∏≠‡∏∞ ‡∏à‡∏£‡∏¥‡∏á‡πÜ ‡∏Ñ‡πà‡∏∞","0"
"‡∏´‡∏ô‡∏π‡∏ú‡∏π‡πâ‡πÄ‡∏õ‡πá‡∏ô‡∏™‡∏≤‡∏ß‡∏Å‡πÅ‡∏≠‡∏ô‡∏î‡∏£‡∏≠‡∏¢‡∏î‡πå‡πÄ‡∏ä‡πà‡∏ô‡πÄ‡∏î‡∏µ‡∏¢‡∏ß‡∏Å‡∏±‡∏ô‡∏Å‡∏±‡∏ö‡∏û‡∏µ‡πà‡∏ì‡∏î‡∏∏‡∏à‡∏´‡∏ô‡∏π‡∏Å‡πá‡∏ß‡πà‡∏≤ IP15 ‡∏™‡∏µ‡∏™‡∏ß‡∏¢‡∏à‡∏£‡∏¥‡∏á‡πÜ‡∏Ñ‡πà‡∏∞ ‡∏™‡∏ß‡∏¢‡πÅ‡∏ö‡∏ö‡∏≠‡∏¢‡∏≤‡∏Å‡πÑ‡∏î‡πâ‡πÄ‡∏•‡∏¢ ‡∏à‡∏≤‡∏Å‡πÉ‡∏à‡∏Ñ‡∏ô‡πÑ‡∏°‡πà‡πÄ‡∏Ñ‡∏¢‡πÉ‡∏ä‡πâ Iphone","0"
"‡πÄ‡∏£‡∏∑‡πà‡∏≠‡∏á‡∏™‡∏µ‡∏ô‡∏µ‡πà‡∏™‡∏∏‡∏î‡∏¢‡∏≠‡∏î‡∏à‡∏£‡∏¥‡∏á‡πÜ ‡∏™‡∏≤‡∏ß‡∏Å ‡∏ã‡∏ã ‡∏´‡∏ß‡∏±‡πà‡∏ô‡πÑ‡∏´‡∏ß‡πÄ‡∏û‡∏£‡∏≤‡∏∞‡∏™‡∏µ‡πÄ‡∏ä‡πà‡∏ô‡∏Å‡∏±‡∏ô‡∏Ñ‡πà‡∏∞ ‡πÅ‡∏•‡πâ‡∏ß‡∏Ç‡∏ô‡∏≤‡∏î‡πÑ‡∏°‡πà‡πÉ‡∏ä‡πà‡∏Ñ‡∏ô‡πÉ‡∏ä‡πâ‡∏Ç‡∏≠‡∏á‡∏™‡∏µ‡∏ä‡∏°‡∏û‡∏π ‡∏¢‡∏±‡∏á‡∏≠‡∏¢‡∏≤‡∏Å‡πÑ‡∏î‡πâ‡∏™‡∏µ‡∏ä‡∏°‡∏û‡∏π‡πÄ‡∏•‡∏¢","0"
"‡∏Ç‡∏≠‡∏á‡πÉ‡∏´‡∏°‡πà‡∏¢‡∏±‡∏á‡πÑ‡∏á‡∏Å‡πá‡∏î‡∏∂‡∏á‡∏î‡∏π‡∏î‡∏Å‡∏ß‡πà‡∏≤","0"
"‡πÑ‡∏õ‡∏à‡∏±‡∏ö‡∏ï‡∏±‡∏ß‡∏à‡∏£‡∏¥‡∏á‡∏°‡∏≤ ‡∏™‡∏µ‡∏™‡∏ß‡∏¢‡∏°‡∏≤‡∏Å ‡∏õ‡∏£‡∏∞‡∏Å‡∏≠‡∏ö‡∏Å‡∏±‡∏ö‡∏ß‡∏±‡∏™‡∏î‡∏∏‡∏ó‡∏µ‡πà‡∏î‡∏π‡∏°‡∏µ‡∏Ñ‡∏∏‡∏ì‡∏†‡∏≤‡∏û ‡∏°‡∏±‡∏ô‡∏•‡∏∞‡∏°‡∏∏‡∏ô‡∏™‡∏∏‡∏î‡πÜ","0"
"‡πÑ‡∏≠‡πÇ‡∏ü‡∏ô‡∏Å‡πá‡∏¢‡∏±‡∏á‡πÄ‡∏õ‡πá‡∏ô‡πÑ‡∏≠‡πÇ‡∏ü‡∏ô","0"
"‡∏™‡∏µ‡∏°‡∏±‡∏ô‡∏™‡∏ß‡∏¢‡∏Ñ‡πà‡∏∞ ‡∏ï‡∏≠‡∏ô‡∏ô‡∏µ‡πâ‡πÉ‡∏ä‡πâ 13 ‡∏ò‡∏£‡∏£‡∏°‡∏î‡∏≤‡∏™‡∏µ‡∏ä‡∏°‡∏û‡∏π‡∏≠‡∏¢‡∏π‡πà ‡∏ó‡∏±‡πâ‡∏á‡∏ó‡∏µ‡πà‡∏ï‡∏≠‡∏ô‡∏ô‡∏±‡πâ‡∏ô‡∏à‡∏∞‡∏ã‡∏∑‡πâ‡∏≠ 13 pro ‡∏Å‡πá‡πÑ‡∏î‡πâ ‡πÅ‡∏ï‡πà‡πÑ‡∏°‡πà‡πÄ‡∏≠‡∏≤‡πÄ‡∏û‡∏£‡∏≤‡∏∞‡πÑ‡∏°‡πà‡∏ä‡∏≠‡∏ö‡∏™‡∏µ
‡∏≠‡∏µ‡∏Å‡∏≠‡∏¢‡πà‡∏≤‡∏á ‡∏ï‡∏±‡∏ß Pro ‡∏°‡∏±‡∏ô‡∏´‡∏ô‡∏±‡∏Å‡∏î‡πâ‡∏ß‡∏¢ ‡∏ñ‡∏∑‡∏≠‡πÅ‡∏•‡πâ‡∏ß‡∏õ‡∏ß‡∏î‡∏Ç‡πâ‡∏≠‡∏°‡∏∑‡∏≠‡∏Ñ‡πà‡∏∞","0"
"‡∏ö‡∏≠‡∏Å‡∏ï‡∏£‡∏á‡πÜ‡∏ô‡∏∞‡∏ú‡∏°‡πÉ‡∏ä‡πâ‡∏°‡∏≤‡∏ñ‡πà‡∏≤‡∏¢‡∏¢‡∏±‡∏á‡πÑ‡∏á‡∏Å‡πá‡πÇ‡∏≠‡πÄ‡∏Ñ‡∏Ñ‡∏∑‡∏≠‡πÅ‡∏ö‡∏ö‡∏ß‡πà‡∏≤‡πÅ‡∏ó‡∏ö‡∏ó‡∏∏‡∏Å‡∏Ñ‡∏ô‡πÄ‡∏•‡πà‡∏ô‡∏à‡πâ‡∏≠‡∏á‡∏†‡∏≤‡∏û‡∏Å‡∏±‡∏ô‡∏à‡∏£‡∏¥‡∏á‡∏ó‡πà‡∏≤‡πÄ‡∏õ‡∏£‡∏µ‡∏¢‡∏ö‡πÅ‡∏≠‡∏ô‡∏î‡∏£‡∏≠‡∏¢‡πÅ‡∏û‡∏á‡πÜ‡∏°‡∏±‡∏ô‡∏Å‡πá‡πÄ‡∏õ‡πá‡∏ô5555‡∏ô‡∏±‡∏Å‡∏£‡∏µ‡∏ß‡∏¥‡∏ß‡∏ï‡∏¥‡πà‡∏á‡∏ó‡∏∏‡∏Å‡∏£‡∏∏‡πà‡∏ô‡∏ó‡∏∏‡∏Å‡∏¢‡∏µ‡πà‡∏´‡πâ‡∏≠‡∏≠‡∏¢‡πà‡∏≤‡∏ß‡πà‡∏≤‡∏ú‡∏°‡∏ô‡∏∞‡∏Ñ‡∏£‡∏±‡∏ö‡πÄ‡∏û‡∏£‡∏≤‡∏ú‡∏°‡∏Å‡πá‡πÉ‡∏ä‡πâ14pm‡∏≠‡∏°‡πÄ‡∏´‡∏•‡∏∑‡∏≠‡∏á‡∏°‡∏±‡∏ô‡∏Å‡πâ‡∏ï‡πâ‡∏≠‡∏á‡∏î‡∏π‡∏î‡πâ‡∏ß‡∏¢‡∏ñ‡πà‡∏≤‡∏¢‡∏ï‡∏£‡∏á‡πÑ‡∏´‡∏ô‡∏™‡πà‡∏ß‡∏ô‡∏ï‡∏±‡∏ß‡∏ú‡∏°‡∏ä‡∏≠‡∏ö‡∏Å‡∏•‡πà‡∏≠‡∏á‡πÑ‡∏≠‡πÇ‡∏ü‡∏ô‡∏Ñ‡∏£‡∏±‡∏ö","0"
"‡πÄ‡∏£‡∏≤‡∏à‡∏±‡∏î‡∏°‡∏≤‡πÅ‡∏•‡πâ‡∏ß‡∏Ñ‡πà‡∏∞‡πÄ‡∏î‡∏¥‡∏ô walk in ‡πÄ‡∏Ç‡πâ‡∏≤‡πÑ‡∏õ‡∏î‡∏π‡∏™‡∏µ‡∏à‡∏£‡∏¥‡∏á‡πÄ‡∏ä‡πá‡∏Ñ‡∏≠‡∏∞‡πÑ‡∏£‡∏ô‡∏¥‡∏î‡∏´‡∏ô‡πà‡∏≠‡∏¢‡πÇ‡∏≠‡πÄ‡∏Ñ‡∏Å‡πá‡∏ã‡∏∑‡πâ‡∏≠‡πÄ‡∏•‡∏¢ ‡∏£‡∏∏‡πà‡∏ô‡∏ò‡∏£‡∏£‡∏°‡∏î‡∏≤/‡∏û‡∏•‡∏±‡∏™‡∏Ç‡∏≠‡∏á‡∏°‡∏µ‡πÄ‡∏¢‡∏≠‡∏∞","0"
"‡∏à‡∏±‡∏î‡∏°‡∏≤‡πÅ‡∏•‡πâ‡∏ß‡∏Ñ‡πà‡∏∞‡∏Å‡∏±‡∏ö‡∏ô‡πâ‡∏≠‡∏ái15‡∏™‡∏µ‡πÄ‡∏Ç‡∏µ‡∏¢‡∏ß‚Äã ‡∏ô‡πà‡∏≤‡∏£‡∏±‡∏Å‡∏°‡∏≤‡∏Å‡∏Å‡∏Å‡∏Å‡∏Å‡∏Å","0"
"‡πÑ‡∏õ 15 ‡∏î‡∏µ‡πÅ‡∏•‡πâ‡∏ß‡∏Ñ‡∏£‡∏±‡∏ö‡∏ñ‡πâ‡∏≤‡πÑ‡∏°‡πà‡πÄ‡∏≠‡∏≤‡∏î‡∏π‡∏´‡∏£‡∏π ‡∏Å‡∏±‡∏ö‡πÄ‡∏™‡∏µ‡πà‡∏¢‡∏á‡πÄ‡∏£‡∏∑‡πà‡∏≠‡∏á‡∏à‡∏≠‡πÄ‡∏™‡∏µ‡∏¢","0"
"‡πÄ‡∏≠‡∏≤‡∏à‡∏£‡∏¥‡∏á‡∏°‡∏±‡∏ô‡πÅ‡∏û‡∏á‡πÄ‡∏û‡∏£‡∏≤‡∏∞‡∏ä‡∏≠‡∏ü‡πÅ‡∏ß‡∏£‡πå‡πÄ‡∏Ç‡∏≤  ‡∏Ñ‡∏ô‡∏ä‡∏≠‡∏ö‡∏ö‡πà‡∏ô‡πÅ‡∏û‡∏á‡πÅ‡∏Ñ‡πà‡∏Å‡πá‡πÑ‡∏õ‡∏¢‡∏∑‡∏ô‡πÑ‡∏Ç‡πà‡πÅ‡∏â‡∏∞‡πÄ‡∏õ‡πá‡∏ô‡∏´‡∏ô‡∏∂‡πâ‡πÄ‡∏û‡∏£‡∏≤‡∏∞‡∏°‡∏±‡∏ô","0"
"‡∏™‡∏≥‡∏´‡∏£‡∏±‡∏ö‡∏Ñ‡∏ô‡∏ó‡∏µ‡πà‡∏ö‡πà‡∏ô‡πÄ‡∏£‡∏∑‡πà‡∏≠‡∏á‡∏Ñ‡∏ß‡∏≤‡∏°‡∏£‡πâ‡∏≠‡∏ô‡∏°‡∏±‡∏ô‡∏Ñ‡∏á‡∏õ‡∏è‡∏¥‡πÄ‡∏™‡∏ò‡πÑ‡∏°‡πà‡πÑ‡∏î‡πâ‡∏≠‡∏¢‡∏π‡πà‡πÅ‡∏•‡πâ‡∏ß ‡πÅ‡∏•‡∏∞‡πÄ‡∏ä‡∏∑‡πà‡∏≠‡∏ß‡πà‡∏≤‡πÄ‡∏Ñ‡πâ‡∏≤‡πÑ‡∏°‡πà‡πÑ‡∏î‡πâ‡πÄ‡∏≠‡∏≤‡πÄ‡∏£‡∏∑‡πà‡∏≠‡∏á‡∏ô‡∏µ‡πâ‡∏°‡∏≤‡πÄ‡∏õ‡πá‡∏ô‡∏à‡∏∏‡∏î‡∏Ç‡∏≤‡∏¢‡∏´‡∏•‡∏±‡∏Å‡πÅ‡∏ï‡πà‡∏ó‡∏≥‡∏Ç‡∏∂‡πâ‡∏ô‡∏°‡∏≤‡πÄ‡∏û‡∏∑‡πà‡∏≠‡∏Ñ‡∏ß‡∏≤‡∏°‡∏Å‡πâ‡∏≤‡∏ß‡∏´‡∏ô‡πâ‡∏≤‡∏ó‡∏≤‡∏á‡πÄ‡∏ó‡∏Ñ‡πÇ‡∏ô‡πÇ‡∏•‡∏¢‡∏µ‡∏ï‡πà‡∏≤‡∏á‡∏´‡∏≤‡∏Å ‡∏à‡∏∞‡πÉ‡∏´‡πâ‡πÄ‡∏û‡∏¥‡πà‡∏°‡πÅ‡∏£‡∏° ‡πÄ‡∏û‡∏¥‡πà‡∏°‡∏Å‡∏•‡πâ‡∏≠‡∏á ‡πÄ‡∏û‡∏¥‡πà‡∏°‡∏Ñ‡∏ß‡∏≤‡∏°‡∏à‡∏∏‡πÑ‡∏õ‡πÄ‡∏£‡∏∑‡πà‡∏≠‡∏¢‡πÑ‡∏õ‡∏°‡∏±‡∏ô‡∏Å‡πá‡∏Ñ‡∏á‡∏à‡∏∞‡πÑ‡∏°‡πà‡∏°‡∏µ‡∏Ñ‡∏ß‡∏≤‡∏°‡πÄ‡∏õ‡∏•‡∏µ‡πà‡∏¢‡∏ô‡πÅ‡∏õ‡∏•‡∏á","0"
"‡∏Ñ‡∏¥‡∏î‡∏ß‡πà‡∏≤‡∏Ñ‡∏á‡πÉ‡∏ä‡πâ‡πÄ‡∏õ‡πá‡∏ô gimmick ‡πÉ‡∏´‡πâ‡πÄ‡∏Ñ‡∏£‡∏∑‡πà‡∏≠‡∏á‡πÄ‡∏â‡∏¢‡πÜ ‡πÑ‡∏°‡πà‡πÑ‡∏î‡πâ‡∏Å‡∏∞‡πÄ‡∏≠‡∏≤‡∏°‡∏≤‡πÉ‡∏´‡πâ‡∏Ñ‡∏ô‡πÉ‡∏ä‡πâ‡πÄ‡∏•‡πà‡∏ô‡∏à‡∏£‡∏¥‡∏á‡πÜ‡∏à‡∏±‡∏á‡πÜ‡πÅ‡∏ô‡πà‡∏ô‡∏≠‡∏ô ‡∏¢‡∏±‡∏á‡πÑ‡∏á‡∏Å‡πá‡πÑ‡∏°‡πà‡∏°‡∏µ‡∏ó‡∏≤‡∏á‡∏ó‡∏≥‡πÑ‡∏î‡πâ‡∏ï‡∏≤‡∏°‡∏™‡πÄ‡∏õ‡πá‡∏Ñ‡∏Å‡∏£‡∏∞‡∏î‡∏≤‡∏© ‡πÄ‡∏û‡∏£‡∏≤‡∏∞‡∏Ñ‡∏ß‡∏≤‡∏°‡∏£‡πâ‡∏≠‡∏ô‡∏Ñ‡∏∑‡∏≠‡∏õ‡∏±‡∏ç‡∏´‡∏≤‡∏´‡∏•‡∏±‡∏Å
‡πÅ‡∏ï‡πà‡πÄ‡∏Ñ‡∏£‡∏∑‡πà‡∏≠‡∏á‡∏™‡πÄ‡∏õ‡πá‡∏Ñ‡πÅ‡∏£‡∏á‡∏Ç‡∏∂‡πâ‡∏ô‡∏Å‡πá‡∏ñ‡∏∑‡∏≠‡∏ß‡πà‡∏≤‡πÄ‡∏õ‡πá‡∏ô‡πÄ‡∏£‡∏∑‡πà‡∏≠‡∏á‡∏î‡∏µ‡πÅ‡∏´‡∏•‡∏∞","0"
"Black Titanium ‡∏™‡∏ß‡∏¢‡∏°‡∏≤‡∏Å‡∏Ñ‡∏£‡∏±‡∏ö ‡∏ï‡∏¥‡∏î‡∏ü‡∏¥‡∏•‡πå‡∏°‡∏Å‡∏±‡∏ô‡∏£‡∏≠‡∏¢‡∏£‡∏≠‡∏ö‡πÄ‡∏Ñ‡∏£‡∏∑‡πà‡∏≠‡∏á ‡πÉ‡∏™‡πà‡πÄ‡∏Ñ‡∏™‡πÉ‡∏™ ‡∏≠‡∏≠‡∏Å‡∏°‡∏≤‡∏î‡∏µ‡πÄ‡∏•‡∏¢‡∏Ñ‡∏£‡∏±‡∏ö","0"
"‡πÑ‡∏ü‡∏â‡∏≤‡∏¢‡∏î‡∏µ‡∏°‡∏≤‡∏Å‡πÄ‡∏•‡∏¢‡∏Ñ‡∏£‡∏±‡∏ö ‡πÄ‡∏≠‡∏≤‡πÑ‡∏ß‡πâ‡∏™‡πà‡∏≠‡∏á‡∏Ñ‡∏≠ ‡∏Ñ‡∏ô‡πÑ‡∏Ç‡πâ ‡πÑ‡∏°‡πà‡∏ï‡πâ‡∏≠‡∏á‡∏™‡∏±‡∏°‡∏ú‡∏±‡∏™‡∏´‡∏ô‡πâ‡∏≤‡∏à‡∏≠ ‡∏ú‡πà‡∏≤‡∏ô‡∏ñ‡∏∏‡∏á‡∏°‡∏∑‡∏≠ ‡∏ó‡∏µ‡πà‡∏£‡∏π‡∏î‡∏´‡∏ô‡πâ‡∏≤‡∏à‡∏≠‡πÑ‡∏°‡πà‡∏Ñ‡πà‡∏≠‡∏¢‡∏ï‡∏¥‡∏î","0"
"‡πÅ‡∏Ñ‡πà‡∏£‡∏π‡πâ‡∏ß‡πà‡∏≤‡πÄ‡∏•‡πà‡∏ô‡πÄ‡∏Å‡∏° AAA ‡πÑ‡∏î‡πâ‡∏Å‡πá‡∏ß‡πâ‡∏≤‡∏ß‡πÅ‡∏•‡πâ‡∏ß‡∏Ñ‡∏£‡∏±‡∏ö ‡∏£‡∏≠‡∏î‡∏π‡πÄ‡∏•‡∏¢‡∏ß‡πà‡∏≤‡∏Ç‡∏≠‡∏á‡∏à‡∏£‡∏¥‡∏á‡∏à‡∏∞‡∏ó‡∏≥‡πÑ‡∏î‡πâ‡∏Ç‡∏ô‡∏≤‡∏î‡πÑ‡∏´‡∏ô ‡πÅ‡∏ï‡πà‡∏ß‡πà‡∏≤‡∏Ñ‡∏á‡πÑ‡∏°‡πà‡∏°‡∏µ‡πÉ‡∏Ñ‡∏£‡∏ã‡∏∑‡πâ‡∏≠‡πÄ‡∏û‡∏£‡∏≤‡∏∞‡∏≠‡∏¢‡∏≤‡∏Å‡πÄ‡∏•‡πà‡∏ô‡πÄ‡∏Å‡∏°‡∏´‡∏£‡∏≠‡∏Å‡∏°‡∏±‡πâ‡∏á‡∏Ñ‡∏£‡∏±‡∏ö ‡πÄ‡∏û‡∏£‡∏≤‡∏∞‡πÉ‡∏ô‡∏£‡∏≤‡∏Ñ‡∏≤‡πÄ‡∏ó‡πà‡∏≤‡∏ô‡∏µ‡πâ‡∏Ñ‡∏∏‡∏ì‡πÑ‡∏î‡πâ P5 ‡∏û‡∏£‡πâ‡∏≠‡∏°‡∏à‡∏≠ 4k ‡∏´‡∏£‡∏∑‡∏≠‡∏à‡∏∞‡πÄ‡∏≠‡∏≤ PC ‡∏°‡∏≤‡πÄ‡∏•‡πà‡∏ô‡πÄ‡∏Å‡∏°‡∏Å‡πá‡∏¢‡∏±‡∏á‡πÑ‡∏î‡πâ ‡∏´‡∏£‡∏∑‡∏≠‡∏à‡∏∞‡πÄ‡∏≠‡∏≤‡πÄ‡∏Ñ‡∏£‡∏∑‡πà‡∏≠‡∏á‡πÄ‡∏Å‡∏°‡∏û‡∏Å‡∏û‡∏≤‡∏£‡∏≤‡∏Ñ‡∏≤‡∏ô‡∏µ‡πâ‡∏¢‡∏±‡∏á‡πÄ‡∏´‡∏•‡∏∑‡∏≠‡∏ó‡∏≠‡∏ô‡πÑ‡∏ß‡πâ‡∏ã‡∏∑‡πâ‡∏≠‡πÄ‡∏Å‡∏°‡∏î‡πâ‡∏ß‡∏¢üòÇüòÇ","0"
"‡∏ú‡∏°‡∏Å‡∏•‡∏±‡∏ö‡∏ä‡∏≠‡∏ö ‡∏Å‡∏≤‡∏£‡∏ó‡∏µ‡πà‡∏°‡∏µ‡∏Ç‡∏≠‡∏ö‡∏Ç‡πâ‡∏≤‡∏á‡πÜ‡∏ô‡∏¥‡∏î‡∏ô‡∏∂‡∏á ‡πÄ‡∏≠‡∏≤‡πÑ‡∏ß‡πâ‡∏à‡∏±‡∏ö ‡πÑ‡∏°‡πà‡∏á‡∏±‡πâ‡∏ô‡∏°‡∏∑‡∏≠‡∏à‡∏∞‡∏ö‡∏±‡∏á‡∏ö‡∏≤‡∏á‡∏™‡πà‡∏ß‡∏ô‡∏Ç‡∏≠‡∏á‡∏à‡∏≠","0"
"‡∏î‡∏µ‡∏ó‡∏∏‡∏Å‡∏≠‡∏¢‡πà‡∏≤‡∏á‡πÄ‡∏•‡∏¢‡∏Ñ‡∏£‡∏±‡∏ö 15‡∏≠‡∏≠‡∏Å‡∏°‡∏≤‡∏£‡∏≠‡∏ö‡∏ô‡∏µ‡πâ ‡∏ä‡∏≠‡∏ö‡∏Å‡∏•‡πâ‡∏≠‡∏á‡∏°‡∏≤‡∏Å‡∏Å‡∏Å","0"
"‡πÅ‡∏•‡πâ‡∏ß‡∏ã‡∏±‡∏°‡∏ã‡∏∏‡∏á‡∏≠‡∏∞‡πÑ‡∏£‡∏û‡∏ß‡∏Å‡∏ô‡∏µ‡πâ‡∏ó‡∏µ‡πà‡πÑ‡∏°‡πà‡πÉ‡∏ä‡πà‡∏°‡∏∑‡∏≠‡∏ñ‡∏∑‡∏≠‡πÄ‡∏Å‡∏°‡∏°‡∏¥‡πà‡∏á‡∏°‡∏µ‡∏ï‡∏±‡∏ß‡πÑ‡∏´‡∏ô‡∏ó‡∏≥‡πÑ‡∏î‡πâ‡πÅ‡∏ö‡∏ö‡∏ô‡∏µ‡πâ‡∏ö‡πâ‡∏≤‡∏á‡πÑ‡∏´‡∏° ‡∏ñ‡πâ‡∏≤‡∏°‡∏≠‡∏á‡∏ß‡πà‡∏≤‡πÇ‡∏°‡πâ‡πÅ‡∏ï‡πà‡∏ñ‡πâ‡∏≤‡∏°‡∏≠‡∏á‡∏≠‡∏µ‡∏Å‡∏°‡∏∏‡∏°‡∏à‡∏∞‡πÄ‡∏´‡πá‡∏ô‡∏ß‡πà‡∏≤‡∏ô‡∏µ‡πà‡∏°‡∏±‡∏ô‡∏Ñ‡∏∑‡∏≠‡∏Ñ‡∏ß‡∏≤‡∏°‡∏Å‡πâ‡∏≤‡∏ß‡∏´‡∏ô‡πâ‡∏≤‡∏ô‡∏∞ ‡πÄ‡∏û‡∏£‡∏≤‡∏∞‡∏´‡∏°‡∏≤‡∏¢‡∏Ñ‡∏ß‡∏≤‡∏°‡∏ß‡πà‡∏≤‡πÄ‡∏Ç‡∏≤‡πÄ‡∏≠‡∏≤‡πÄ‡∏ó‡∏Ñ‡πÇ‡∏ô‡πÇ‡∏•‡∏¢‡∏µ‡πÑ‡∏õ‡∏û‡∏±‡∏í‡∏ô‡∏≤‡πÄ‡∏û‡∏¥‡πà‡∏°‡πÑ‡∏î‡πâ‡∏≠‡∏µ‡∏Å‡∏´‡∏•‡∏≤‡∏Å‡∏´‡∏•‡∏≤‡∏¢ ‡∏≠‡∏¢‡πà‡∏≤‡∏á‡πÉ‡∏ô ipad MacBook macpro ‡πÅ‡∏ß‡πà‡∏ô‡∏ï‡∏≤ ‡∏ô‡∏≤‡∏¨‡∏¥‡∏Å‡∏≤ ‡∏™‡∏≤‡∏£‡∏û‡∏±‡∏î ‡∏£‡∏ß‡∏°‡πÑ‡∏õ‡∏ñ‡∏∂‡∏á‡∏°‡∏∑‡∏≠‡∏ñ‡∏∑‡∏≠‡πÉ‡∏ô‡∏≠‡∏ô‡∏≤‡∏Ñ‡∏ï ‡∏ó‡∏µ‡πà‡∏≠‡∏≤‡∏à‡πÑ‡∏°‡πà‡πÉ‡∏ä‡πà‡πÅ‡∏Ñ‡πà ray ‡πÄ‡∏ó‡πà‡∏≤‡∏ô‡∏±‡πâ‡∏ô","0"
"‡∏û‡∏Å‡πÑ‡∏õ‡πÄ‡∏•‡πà‡∏ô‡πÑ‡∏î‡πâ ‡∏¢‡∏¥‡πà‡∏á‡∏Ñ‡∏ô‡πÄ‡∏î‡∏¥‡∏ô‡∏ó‡∏≤‡∏á‡∏ö‡πà‡∏≠‡∏¢‡∏≠‡∏¢‡πà‡∏≤‡∏á‡∏ú‡∏°‡∏ô‡∏µ‡πà‡∏ä‡∏≠‡∏ö‡πÄ‡∏•‡∏¢üéâ","0"
"‡πÄ‡∏≠‡∏≤‡∏ï‡∏£‡∏á‡πÅ‡∏ö‡∏ö‡πÑ‡∏°‡πà‡∏≠‡∏Ñ‡∏ï‡∏¥ ‡∏£‡∏∏‡∏∏‡πà‡∏ô‡∏ô‡∏µ‡πâ‡∏ú‡∏°‡∏ß‡πà‡∏≤‡∏ô‡πà‡∏≤‡∏à‡∏∞‡∏Ç‡∏≤‡∏¢‡∏î‡∏µ‡∏Ñ‡∏£‡∏±‡∏ö ‡∏Ñ‡∏ô‡πÉ‡∏ä‡πâ‡πÅ‡∏≠‡∏ô‡∏î‡∏≠‡∏£‡∏¢‡πå‡∏ô‡πà‡∏≤‡∏à‡∏∞‡∏´‡∏±‡∏ô‡∏°‡∏≤‡πÉ‡∏ä‡πâ‡πÄ‡∏¢‡∏≠‡∏∞ ‡∏ó‡∏±‡πâ‡∏á‡πÜ‡∏ó‡∏µ‡πà ‡∏ï‡πâ‡∏≠‡∏á‡∏ö‡∏≠‡∏Å‡∏ß‡πà‡∏≤‡πÄ‡∏ó‡∏Ñ‡πÇ‡∏ô‡πÇ‡∏•‡∏¢‡∏µ ‡∏ä‡πà‡∏≤‡∏á‡∏•‡πâ‡∏≤‡∏™‡∏°‡∏±‡∏¢‡∏°‡∏≤‡∏Å‡∏Å‡∏Å üòÇ ‡∏ß‡∏±‡∏™‡∏î‡∏∏‡πÑ‡∏ó‡πÄ‡∏ó ‡πÄ‡∏Ñ‡πâ‡∏≤‡∏Å‡πá‡πÉ‡∏ä‡πâ‡∏ú‡∏•‡∏¥‡∏ï‡∏°‡∏∑‡∏≠‡∏ñ‡∏∑‡∏≠‡∏°‡∏≤ 20‡∏Å‡∏ß‡πà‡∏≤‡∏õ‡∏µ‡πÅ‡∏•‡πâ‡∏ß (8850)  ‡πÅ‡∏ï‡πà‡∏ï‡πâ‡∏≠‡∏á‡∏¢‡∏≠‡∏°‡∏£‡∏±‡∏ö‡∏ß‡πà‡∏≤ ‡∏ô‡πà‡∏≤‡∏™‡∏ô‡πÉ‡∏à‡∏™‡∏≥‡∏´‡∏£‡∏±‡∏ö‡∏Ñ‡∏ô‡πÉ‡∏ä‡πâ‡∏°‡∏∑‡∏≠‡∏ñ‡∏∑‡∏≠‡πÅ‡∏≠‡∏ô‡∏î‡∏≠‡∏£‡∏¢‡πå‡∏Ñ‡∏£‡∏±‡∏ö","0"
"‡πÑ‡∏ó‡πÄ‡∏ó‡πÄ‡∏ô‡∏µ‡∏¢‡∏° ‡∏ó‡∏µ‡πà‡∏ö‡∏≠‡∏Å‡πÄ‡∏Å‡∏£‡∏î5 ‡∏°‡∏±‡∏ô‡∏ò‡∏£‡∏£‡∏°‡∏î‡∏≤‡∏°‡∏≤‡∏Å‡πÜ ‡∏û‡∏≠‡πÑ‡∏õ‡∏≠‡πà‡∏≤‡∏ô‡πÑ‡∏õ‡∏®‡∏∂‡∏Å‡∏©‡∏≤‡πÄ‡∏Å‡∏£‡∏î‡πÑ‡∏ó‡πÄ‡∏ó‡πÄ‡∏ô‡∏µ‡∏¢‡∏°‡πÑ‡∏°‡πà‡πÑ‡∏î‡πâ‡πÄ‡∏î‡πà‡∏ô‡πÄ‡∏•‡∏¢ ‡πÅ‡∏Ñ‡πà‡∏°‡∏±‡∏ô‡∏ß‡πâ‡∏≤‡∏ß‡∏ï‡∏£‡∏á‡πÉ‡∏ä‡πâ‡∏Ñ‡∏£‡∏±‡πâ‡∏á‡πÅ‡∏£‡∏Å‡∏ô‡∏µ‡πâ‡πÅ‡∏´‡∏•‡∏∞‡∏Ñ‡∏£‡∏±‡∏ö ‡πÅ‡∏ï‡πà‡∏™‡∏ß‡∏¢‡∏à‡∏£‡∏¥‡∏á‡πÜ‡∏ô‡∏∞ ‡∏≠‡∏¢‡∏≤‡∏Å‡πÑ‡∏î‡πâ","0"
"‡πÑ‡∏õ‡∏î‡∏π‡∏Å‡∏≤‡∏£‡πÄ‡∏ó‡∏™‡πÄ‡∏Å‡∏°‡∏Ç‡∏≠‡∏á‡∏ä‡πà‡∏≠‡∏á‡∏ï‡πà‡∏≤‡∏á‡∏õ‡∏£‡∏∞‡πÄ‡∏ó‡∏®‡∏°‡∏≤‡∏£‡∏π‡πâ‡∏™‡∏∂‡∏Å‡∏ß‡πà‡∏≤‡∏ó‡∏≥‡πÑ‡∏î‡πâ‡∏î‡∏µ‡∏°‡∏≤‡∏Å‡πÜ‡πÄ‡∏•‡∏¢‡∏ô‡∏∞‡πÅ‡∏Ñ‡πà‡πÄ‡∏ü‡∏£‡∏°‡∏õ‡∏£‡∏∞‡∏°‡∏≤‡∏ì30‡∏Å‡∏±‡∏ö‡∏†‡∏≤‡∏û‡πÑ‡∏°‡πà‡∏ä‡∏±‡∏î‡∏õ‡∏£‡∏∞‡∏°‡∏≤‡∏ì720p ‡∏™‡∏≥‡∏´‡∏£‡∏±‡∏ö‡∏Ñ‡∏ô‡∏ó‡∏µ‡πà‡πÑ‡∏°‡πà‡πÄ‡∏™‡∏û‡∏†‡∏≤‡∏û‡∏ô‡πà‡∏≤‡∏à‡∏∞‡∏ü‡∏¥‡∏ô‡∏°‡∏≤‡∏Å‡πÜ‡πÅ‡∏ï‡πà‡∏õ‡∏±‡∏ç‡∏´‡∏≤‡∏Ñ‡∏∑‡∏≠‡πÄ‡∏•‡πà‡∏ô‡πÑ‡∏õ‡∏ã‡∏±‡∏Å‡∏û‡∏±‡∏Å‡∏£‡πâ‡∏≠‡∏ô ‡∏≠‡∏≤‡∏à‡∏ï‡πâ‡∏≠‡∏á‡∏´‡∏≤‡∏û‡∏±‡∏î‡∏•‡∏°‡∏°‡∏≤‡∏ï‡∏¥‡∏î","0"
"‡∏ñ‡πâ‡∏≤‡πÄ‡∏•‡πà‡∏ô‡πÄ‡∏Å‡∏°‡∏™‡πå‡πÉ‡∏ô‡∏™‡∏ï‡∏£‡∏µ‡∏°‡πÑ‡∏î‡πâ ‡∏•‡∏∑‡πà‡∏ô‡πÜ 50k ‡∏Å‡πá‡∏Ñ‡∏∏‡πâ‡∏° ‡∏à‡∏∞‡∏Å‡∏•‡∏≤‡∏¢‡πÄ‡∏õ‡πá‡∏ô‡πÇ‡∏ó‡∏£‡∏®‡∏±‡∏û‡∏ó‡∏µ‡πà‡∏û‡∏Å‡∏û‡∏≤‡πÑ‡∏î‡πâ‡πÅ‡∏•‡∏∞‡πÄ‡∏•‡πà‡∏ô‡πÄ‡∏Å‡∏°‡πÑ‡∏î‡πâ ‡∏ñ‡πà‡∏≤‡∏¢‡∏Ñ‡∏•‡∏¥‡∏õ‡∏ï‡∏±‡∏î‡∏ï‡πà‡∏≠‡πÑ‡∏î‡πâ ‡∏Ñ‡∏∏‡πâ‡∏°","0"
"‡πÅ‡∏ö‡∏ï ‡πÇ‡∏≠‡πÄ‡∏Ñ‡πÄ‡∏•‡∏¢‡∏ô‡∏∞  ‡πÉ‡∏ä‡πâ‡πÑ‡∏î‡πâ‡∏¢‡∏≤‡∏ß‡∏ô‡∏≤‡∏ô‡∏°‡∏≤‡∏Å  ‡∏ú‡∏°‡∏û‡∏∂‡πà‡∏á‡∏¢‡πâ‡∏≤‡∏¢‡∏°‡∏≤‡∏à‡∏≤‡∏Å‡∏ó‡∏µ‡πà‡πÉ‡∏ä‡πâ i phone 8","0"
"‡∏¢‡∏∏‡πà‡∏á‡πÄ‡∏•‡∏¢ ‡∏ñ‡πâ‡∏≤‡∏ú‡∏•‡∏¥‡∏ï‡∏†‡∏±‡∏ì‡∏ë‡πå‡∏Ç‡∏≠‡∏áApple‡πÄ‡∏•‡πà‡∏ô‡πÄ‡∏Å‡∏°‡∏™‡πå‡∏Å‡∏£‡∏≤‡∏ü‡∏ü‡∏¥‡∏Å‡∏™‡∏π‡∏á‡πÑ‡∏î‡πâ‡∏Ñ‡∏∑‡∏≠ ‡∏ß‡∏á‡∏Å‡∏≤‡∏£PC Console ‡πÅ‡∏•‡∏∞ Handheld ‡∏™‡∏∞‡πÄ‡∏ó‡∏∑‡∏≠‡∏ô‡πÅ‡∏ô‡πà‡πÜ ‡∏°‡∏±‡∏ô‡∏à‡∏∞‡∏Å‡∏•‡∏≤‡∏¢‡πÄ‡∏õ‡πá‡∏ô‡∏Å‡∏¥‡∏ô‡∏£‡∏ß‡∏ö‡∏ï‡∏•‡∏≤‡∏î‡πÑ‡∏õ‡πÄ‡∏•‡∏¢ ‡∏Ñ‡∏ô‡∏ó‡∏µ‡πà‡πÄ‡∏•‡∏∑‡∏≠‡∏Å‡∏≠‡∏∏‡∏õ‡∏Å‡∏£‡∏ì‡πå‡∏ó‡∏µ‡πà‡πÄ‡∏≠‡∏≤‡∏ó‡∏≥‡∏á‡∏≤‡∏ô‡∏Å‡πá‡∏Ñ‡∏∑‡∏≠‡∏ï‡πâ‡∏≠‡∏á‡πÄ‡∏•‡∏∑‡∏≠‡∏ÅApple ‡πÄ‡∏û‡∏£‡∏≤‡∏∞‡∏°‡∏µ‡∏Ñ‡∏ß‡∏≤‡∏°‡∏Ñ‡∏∏‡πâ‡∏°‡∏Ñ‡πà‡∏≤‡∏™‡∏π‡∏á","0"
"CPU Apple A17 ‡∏¢‡∏≠‡∏°‡∏£‡∏±‡∏ö‡∏ß‡πà‡∏≤‡πÅ‡∏£‡∏á‡∏à‡∏£‡∏¥‡∏á‡πÜ‡∏î‡∏π‡∏™‡πÄ‡∏õ‡∏Ñ‡πÅ‡∏•‡πâ‡∏ß‡∏ï‡∏Å‡πÉ‡∏à ‡πÅ‡∏£‡∏á‡πÅ‡∏ã‡∏á‡∏Ñ‡∏≠‡∏°‡πÑ‡∏õ‡πÅ‡∏•‡πâ‡∏ß","0"
"‡∏™‡∏∏‡∏î‡∏¢‡∏≠‡∏î‡πÄ‡∏•‡∏¢‡∏Ñ‡∏£‡∏±‡∏ö ‡∏™‡πÄ‡∏õ‡∏Ñ‡∏¢‡∏¥‡πà‡∏á‡πÉ‡∏´‡∏ç‡πà‡∏°‡∏≤‡∏Å USB C ‡πÅ‡∏´‡∏ô‡∏∞ ‡πÅ‡∏ñ‡∏°‡πÄ‡∏ö‡∏≤‡∏•‡∏á‡∏≠‡∏µ‡∏Å ‡πÅ‡∏ñ‡∏°‡∏ã‡∏π‡∏°‡πÑ‡∏Å‡∏•‡πÑ‡∏î‡πâ‡∏î‡πâ‡∏ß‡∏¢ !!! ‡∏•‡πâ‡∏≥‡∏™‡∏°‡∏±‡∏¢‡∏°‡∏≤‡∏Å!!","0"
"‡∏™‡πà‡∏ß‡∏ô‡∏ï‡∏±‡∏ß‡∏Ñ‡∏¥‡∏î‡∏ß‡πà‡∏≤‡πÄ‡∏û‡∏µ‡∏¢‡∏á‡∏û‡∏≠‡∏°‡∏≤‡∏Å‡πÜ ‡∏ó‡∏µ‡πà‡πÑ‡∏°‡πà‡∏ä‡∏≠‡∏ö‡∏≠‡∏¢‡πà‡∏≤‡∏á‡∏ô‡∏∂‡∏á‡∏Ñ‡∏∑‡∏≠‡∏Å‡∏≤‡∏£‡∏ß‡∏≤‡∏á‡∏Å‡∏•‡πâ‡∏≠‡∏á‡πÄ‡∏â‡∏µ‡∏¢‡∏á‡πÜ‡∏°‡∏±‡∏ô‡∏Ç‡∏±‡∏î‡∏ï‡∏≤‡πÑ‡∏°‡πà‡∏ä‡∏≠‡∏ö‡πÄ‡∏•‡∏¢","0"
"‡πÅ‡∏≠‡∏õ‡πÄ‡∏õ‡∏¥‡πâ‡∏•‡∏Ñ‡∏á‡πÄ‡∏ï‡∏£‡∏µ‡∏¢‡∏°‡πÑ‡∏ß‡πâ‡∏£‡∏≠‡∏á‡∏£‡∏±‡∏ö‚Äã ‡πÄ‡∏•‡πà‡∏ô‡πÄ‡∏Å‡∏°‡∏£‡∏∞‡∏ö‡∏ö‡∏™‡∏ï‡∏µ‡∏°‡∏ö‡∏ôPS5 ‡∏°‡∏≤‡πÄ‡∏•‡πà‡∏ô‡∏ö‡∏ô‡∏°‡∏∑‡∏≠‡∏ñ‡∏∑‡∏≠‚Äã ‡∏£‡∏∏‡πà‡∏ô‡πÄ‡∏Å‡πà‡∏≤‡πÄ‡∏•‡πà‡∏ô‡πÑ‡∏î‡πâ‡πÅ‡∏ï‡πà‡∏£‡∏∏‡πà‡∏ô‡πÉ‡∏´‡∏°‡πà‡πÄ‡∏•‡πà‡∏ô‡πÑ‡∏î‡πâ‡∏î‡∏µ‡∏Å‡∏ß‡πà‡∏≤","0"
"‡∏™‡∏µBlack titanium ‡∏Ñ‡∏∑‡∏≠‡∏™‡∏∏‡∏î‡∏≠‡πà‡∏∞‡∏ä‡∏≠‡∏ö‡∏≠‡∏∞‡πÑ‡∏£‡∏ó‡∏µ‡πà‡∏°‡∏±‡∏ô‡∏î‡∏≥‡πÜ‡∏°‡∏∑‡∏î‡πÜ‡∏î‡∏≤‡∏£‡πå‡∏Ñ‡πÜ‡πÅ‡∏ö‡∏ö‡∏ô‡∏µ‡πâ‡∏°‡∏≤‡∏Å‡πÜ","0"
"iPhone 15 Plus ‡∏™‡∏µ‡∏î‡∏≥ ‡∏™‡∏ß‡∏¢‡∏°‡∏≤‡∏Å ‡∏ô‡∏µ‡πà‡∏ß‡πà‡∏≤‡πÅ‡∏≠‡∏õ‡πÄ‡∏õ‡∏¥‡πâ‡∏•‡∏ó‡∏≥‡∏™‡∏µ‡∏°‡∏≤‡∏™‡∏ß‡∏¢‡∏Å‡∏ß‡πà‡∏≤ Pro Titanium ‡∏≠‡∏µ‡∏Å‡∏ô‡∏∞ ‡∏î‡∏≥‡∏´‡∏°‡πà‡∏ô ‡πÜ ‡∏Ñ‡∏ß‡∏≤‡∏°‡∏£‡∏π‡πâ‡∏™‡∏∂‡∏Å‡∏™‡∏±‡∏°‡∏ú‡∏±‡∏™‡∏î‡∏µ‡∏°‡∏≤‡∏Å ‡∏à‡∏±‡∏ö‡∏ï‡∏¥‡∏î‡∏°‡∏∑‡∏≠ ‡πÑ‡∏°‡πà‡∏•‡∏∑‡πà‡∏ô ‡πÉ‡∏Ñ‡∏£‡πÑ‡∏°‡πà‡∏ã‡∏µ‡πÄ‡∏£‡∏µ‡∏¢‡∏™‡∏ß‡πà‡∏≤‡∏ï‡πâ‡∏≠‡∏á‡πÄ‡∏õ‡πá‡∏ô‡πÑ‡∏ó‡πÄ‡∏ó‡πÄ‡∏ô‡∏µ‡∏¢‡∏° ‡∏Å‡∏±‡∏ö‡∏Å‡∏•‡πâ‡∏≠‡∏á Pro ‡∏Ñ‡∏∑‡∏≠‡πÅ‡∏ô‡∏∞‡∏ô‡∏≥‡πÄ‡∏•‡∏¢","0"
"‡∏™‡∏∏‡∏î‡∏¢‡∏≠‡∏î‡πÄ‡∏•‡∏¢‡πÅ‡∏ö‡∏ö‡∏ô‡∏µ‡πâ ‡∏¢‡∏¥‡πà‡∏á‡πÉ‡∏ä‡πâ‡∏™‡∏≤‡∏¢ usb  ‡∏ï‡πà‡∏≠‡∏≠‡∏≠‡∏Å‡∏à‡∏≠‡πÉ‡∏´‡∏ç‡πà‡πÑ‡∏î‡πâ pc ‡∏Å‡πá‡πÑ‡∏°‡πà‡∏ï‡πâ‡∏≠‡∏á‡πÉ‡∏ä‡πâ‡πÅ‡∏•‡πâ‡∏ß","0"
"‡∏ï‡∏≠‡∏ô‡πÅ‡∏£‡∏Å‡∏à‡∏∞‡∏ã‡∏∑‡πâ‡∏≠ 15 ‡πÅ‡∏ï‡πà‡∏û‡∏≠‡∏î‡∏π‡πÅ‡∏•‡πâ‡∏ß‡∏≠‡∏¢‡∏≤‡∏Å‡πÑ‡∏î‡πâ 15 Pro ‡πÄ‡∏•‡∏¢ 55555","0"
"‡πÇ‡∏≠‡πÄ‡∏Ñ ‡πÑ‡∏°‡πà‡∏ï‡πâ‡∏≠‡∏á‡πÄ‡∏õ‡∏•‡∏µ‡πà‡∏¢‡∏ô‡πÑ‡∏õ‡πÉ‡∏ä‡πâ s23 ‡∏•‡πà‡∏∞ ‡∏ã‡∏∑‡πâ‡∏≠ 15PM ‡πÄ‡∏´‡∏°‡∏∑‡∏≠‡∏ô‡πÄ‡∏î‡∏¥‡∏° ‡∏à‡∏ö","0"
"‡∏ú‡∏°‡∏ô‡∏µ‡πà‡∏Ç‡πâ‡∏≤‡∏°‡πÄ‡∏£‡∏∑‡πà‡∏≠‡∏á‡πÑ‡∏ó‡πÄ‡∏ó‡πÄ‡∏ô‡∏µ‡πà‡∏¢‡∏°‡πÑ‡∏õ‡πÄ‡∏•‡∏¢ ‡πÑ‡∏°‡πà‡∏ß‡πâ‡∏≤‡∏ß‡∏ã‡∏±‡∏Å‡∏ô‡∏¥‡∏î‡πÄ‡∏û‡∏£‡∏≤‡∏∞‡∏¢‡∏±‡∏á‡πÑ‡∏á‡∏Å‡πá‡∏ï‡∏±‡∏≠‡∏á‡πÉ‡∏™‡πà‡πÄ‡∏Ñ‡∏™‡∏≠‡∏¢‡∏π‡πà‡πÅ‡∏•‡πâ‡∏ß ‡πÅ‡∏ï‡πà‡∏ü‡∏±‡∏á‡∏ä‡∏±‡πà‡∏ô ‡∏Ñ‡∏∑‡∏≠‡∏¢‡∏±‡∏á‡πÑ‡∏á‡∏Å‡πá‡∏ï‡πâ‡∏≠‡∏á‡πÄ‡∏õ‡∏•‡∏µ‡πà‡∏¢‡∏ô","0"
"‡∏ä‡∏≠‡∏ö‡∏°‡∏≤‡∏Å‡∏Ñ‡∏£‡∏±‡∏ö ‡πÄ‡∏õ‡∏•‡∏µ‡πà‡∏¢‡∏ô‡∏à‡∏≤‡∏Å 11PM ‡∏°‡∏≤ ‡∏•‡∏∑‡πà‡∏ô‡∏°‡∏≤‡∏Å‡πÅ‡∏£‡∏á‡∏°‡∏≤‡∏Å ‡πÄ‡∏ö‡∏≤‡∏Å‡∏ß‡πà‡∏≤ ‡πÅ‡∏ï‡∏ô‡πÄ‡∏•‡∏™‡πÄ‡∏¢‡∏≠‡∏∞‡πÄ‡∏£‡∏¢ ‚ù§Ô∏è","0"
"‡∏¢‡∏≠‡∏î‡∏Ç‡∏≤‡∏¢‡∏Ñ‡∏∑‡∏≠‡∏Ñ‡∏≥‡∏ï‡∏≠‡∏ö‡∏à‡∏£‡∏¥‡∏á‡πÜ ‡πÅ‡∏ï‡πà‡πÄ‡∏õ‡∏¥‡∏î‡∏à‡∏≠‡∏á‡πÑ‡∏°‡πà‡∏Å‡∏µ‡πà‡∏ß‡∏¥ ‡πÄ‡∏ï‡πá‡∏°‡πÅ‡∏•‡πâ‡∏ß‡πÄ‡∏´‡∏•‡∏∑‡∏≠‡∏à‡∏∞‡πÄ‡∏ä‡∏∑‡πà‡∏≠ üòÜ ‡πÉ‡∏Ñ‡∏£‡∏ö‡∏≠‡∏Å‡∏Ç‡∏≠‡∏á‡πÑ‡∏°‡πà‡∏î‡∏µ‡πÑ‡∏°‡πà‡∏ß‡πâ‡∏≤‡∏ß ‡∏ô‡∏±‡πâ‡∏ô‡∏≠‡∏≤‡∏à‡∏™‡∏≥‡∏´‡∏£‡∏±‡∏ö‡∏Ñ‡∏∏‡∏ì‡πÅ‡∏ï‡πà‡∏≠‡∏µ‡∏Å‡∏´‡∏•‡∏≤‡∏¢‡πÜ‡∏Ñ‡∏ô‡∏°‡∏±‡∏ô‡∏ß‡πâ‡∏≤‡∏á‡∏™‡∏≥‡∏´‡∏£‡∏±‡∏ö‡πÄ‡∏Ñ‡πâ‡∏≤","0"
"‡πÄ‡∏£‡∏∑‡πà‡∏≠‡∏á‡∏Ç‡∏≠‡∏ö‡∏ó‡∏µ‡πà‡∏ö‡∏≤‡∏á‡∏•‡∏á ‡∏™‡πà‡∏ß‡∏ô‡∏ï‡∏±‡∏ß‡∏Ñ‡∏¥‡∏î‡∏ß‡πà‡∏≤‡∏°‡∏±‡∏ô‡∏Ñ‡πà‡∏≠‡∏ô‡∏Ç‡πâ‡∏≤‡∏á‡∏ä‡∏±‡∏î‡πÄ‡∏à‡∏ô‡πÄ‡∏•‡∏¢‡∏ô‡∏∞ ‡πÉ‡∏™‡πà‡πÄ‡∏Ñ‡∏™‡πÑ‡∏õ‡πÅ‡∏ó‡∏ö‡πÑ‡∏°‡πà‡πÄ‡∏´‡∏•‡∏∑‡∏≠‡∏Ç‡∏≠‡∏ö‡πÅ‡∏•‡πâ‡∏ß","0"
"‡πÄ‡∏´‡∏¢‡∏¢‡∏¢‡∏¢ ‡∏ã‡∏π‡∏°‡∏™‡∏∏‡∏î‡∏î‡∏µ‡πÄ‡∏ó‡∏•‡∏Å‡∏±‡∏ö‡∏™‡∏µ‡∏Å‡πá‡∏¢‡∏±‡∏á‡∏™‡∏ß‡∏¢‡∏≠‡∏¢‡∏π‡πà‡∏ô‡∏∞","0"
"‡∏´‡∏•‡∏±‡∏á‡∏ã‡∏π‡∏°‡πÇ‡∏´‡∏î‡∏≠‡∏¢‡∏π‡πà‡∏ô‡∏∞ ‡∏ñ‡∏∑‡∏≠‡∏ß‡πà‡∏≤‡∏Ñ‡∏°","0"
"‡∏™‡∏∏‡∏î‡∏¢‡∏≠‡∏î‡∏≠‡∏¢‡∏≤‡∏Å‡πÑ‡∏î‡πâ‡∏°‡∏≤‡∏Å‡πÅ‡∏ï‡πà‡∏à‡∏≠‡∏á‡πÑ‡∏°‡πà‡∏ó‡∏±‡∏ô ‡∏à‡∏£‡∏¥‡∏á‡πÜ‡∏≠‡∏¢‡∏≤‡∏Å‡πÉ‡∏´‡πâ‡∏à‡∏≠‡πÉ‡∏´‡∏ç‡πà‡∏°‡∏≤‡∏Å‡∏Å‡∏ß‡πà‡∏≤‡∏ô‡∏µ‡πâ‡∏´‡∏£‡∏∑‡∏≠‡∏û‡∏≠‡πÜ ‡πÇ‡∏ô‡πâ‡∏ï‡∏ã‡∏±‡∏°‡∏ã‡∏∏‡∏á","0"
"‡∏ï‡∏•‡∏≤‡∏î‡πÄ‡∏Å‡∏°‡πÉ‡∏´‡∏ç‡πà‡∏ó‡∏µ‡πà‡∏™‡∏∏‡∏î ‡∏ñ‡∏∑‡∏≠‡∏ß‡πà‡∏≤‡πÑ‡∏≠‡πÇ‡∏ü‡∏ô‡∏Ñ‡∏¥‡∏î‡πÄ‡∏î‡∏¥‡∏ô‡∏´‡∏°‡∏≤‡∏Å‡∏î‡∏µ‡∏ô‡∏∞ ‡∏≠‡∏ô‡∏≤‡∏Ñ‡∏ï‡∏ï‡πà‡∏≠‡∏à‡∏≤‡∏Å‡∏ô‡∏µ‡πâ ‡πÄ‡∏Ç‡∏≤‡πÄ‡∏ô‡πâ‡∏ô‡πÄ‡∏£‡∏∑‡πà‡∏≠‡∏á‡πÄ‡∏Å‡∏°‡∏Ç‡∏∂‡πâ‡∏ô‡∏ó‡∏∏‡∏Å‡πÜ‡∏õ‡∏µ‡πÅ‡∏ô‡πà‡∏ô‡∏≠‡∏ô ‡∏Å‡πá‡πÉ‡∏´‡πâ‡∏û‡∏ß‡∏Å‡πÅ‡∏≠‡∏ô‡∏î‡∏£‡∏≠‡∏¢ ‡∏Ç‡∏¥‡∏á‡πÑ‡∏≠‡πÇ‡∏ü‡∏ô‡∏î‡πâ‡∏ß‡∏¢‡πÄ‡∏£‡∏∑‡πà‡∏≠‡∏á‡∏Å‡∏•‡πâ‡∏≠‡∏á‡∏ã‡∏π‡∏°‡∏ï‡πà‡∏≠‡πÑ‡∏õ ‡∏à‡∏∞‡∏£‡∏±‡πà‡∏ß‡∏ß‡∏ß‡∏ß‡∏ß‡∏ß ‡∏ô‡∏µ‡πà‡∏ô‡∏∞‡πÑ‡∏õ‡∏î‡∏π‡∏Ñ‡∏≠‡∏ô‡πÄ‡∏™‡∏¥‡∏£‡πå‡∏ï‡∏ã‡∏π‡∏°‡πÑ‡∏î‡πâ‡∏¢‡∏±‡∏ô‡∏´‡∏ô‡πâ‡∏≤‡∏®‡∏¥‡∏•‡∏õ‡∏¥‡∏ô‡∏ô‡∏ô‡∏ô ...‡∏à‡πà‡∏∞‡∏∞‡∏∞‡∏∞ ‡πÅ‡∏ï‡πà‡∏ú‡∏°‡∏û‡∏π‡∏î‡πÄ‡∏•‡∏¢ ‡∏Å‡∏≤‡∏£‡πÄ‡∏î‡∏¥‡∏ô‡∏´‡∏°‡∏≤‡∏Å‡∏Ç‡∏≠‡∏á‡πÑ‡∏≠‡πÇ‡∏ü‡∏ô‡∏ó‡∏µ‡πà‡∏à‡∏∞‡πÄ‡∏à‡∏≤‡∏∞‡∏ï‡∏•‡∏≤‡∏î‡πÄ‡∏Å‡∏°‡∏ô‡∏±‡πâ‡∏ô ‡πÄ‡∏´‡∏ô‡∏∑‡∏≠‡∏ä‡∏±‡πâ‡∏ô‡∏Å‡∏ß‡πà‡∏≤‡πÄ‡∏¢‡∏≠‡∏∞ ‡∏ú‡∏°‡∏Ñ‡∏¥‡∏î‡∏ß‡πà‡∏≤‡∏≠‡∏µ‡∏Å4-5gen ‡∏ï‡πà‡∏≠‡πÑ‡∏õ‡∏Ç‡∏≠‡∏á‡πÑ‡∏≠‡πÇ‡∏ü‡∏ô ‡∏à‡∏∞‡πÄ‡∏´‡∏°‡∏∑‡∏≠‡∏ô‡πÅ‡∏°‡∏Ñ‡∏û‡∏Å‡∏û‡∏≤ PC‡∏û‡∏Å‡∏û‡∏≤  ü§£ü§£","0"
"‡πÄ‡∏Ç‡πâ‡∏≤‡πÉ‡∏à‡∏ß‡πà‡∏≤‡∏ó‡∏≥‡∏ñ‡∏∂‡∏á‡πÅ‡∏û‡∏á ‡∏á‡∏≤‡∏ô‡∏õ‡∏£‡∏≤‡∏ì‡∏µ‡∏ï‡∏°‡∏≤‡∏Å‡∏Ñ‡πà‡∏∞ ‡πÄ‡∏õ‡πá‡∏ô‡∏Ñ‡∏£‡∏±‡πâ‡∏á‡πÅ‡∏£‡∏Å‡∏ó‡∏µ‡πà‡πÄ‡∏£‡∏¥‡πà‡∏°‡∏™‡∏ô‡πÉ‡∏à Iphone ‡∏°‡∏±‡∏ô‡πÄ‡∏£‡∏¥‡∏®‡∏à‡∏£‡∏¥‡∏á‡πÜ","0"
"‡∏Å‡∏•‡πâ‡∏≠‡∏á‡πÇ‡∏´‡∏î‡∏°‡∏≤‡∏Å‡∏Å‡∏Å‡∏Å","0"
"‡πÅ‡∏£‡∏á‡∏Å‡∏ß‡πà‡∏≤ ps4","0"
"‡∏≠‡∏¢‡∏≤‡∏Å‡πÑ‡∏î‡πâ15‡πÇ‡∏õ‡∏£‡πÅ‡∏°‡πá‡∏Å‡∏°‡∏≤‡∏Å‡∏Å‡∏Å‡∏Å ‡∏ß‡πà‡∏≤‡∏à‡∏∞‡∏à‡∏±‡∏î‡∏ä‡πà‡∏ß‡∏á‡∏õ‡∏µ‡πÉ‡∏´‡∏°‡πà‡∏≠‡∏¢‡∏π‡πà‡πÅ‡∏ï‡πà‡πÑ‡∏°‡πà‡∏£‡∏π‡πâ‡∏à‡∏∞‡πÑ‡∏î‡πâ‡πÑ‡∏´‡∏° 5555","0"
"‚ù§ ‡∏Ñ‡∏ß‡∏≤‡∏°‡∏≠‡∏¢‡∏≤‡∏Å‡πÑ‡∏î‡πâ‡∏ô‡∏±‡πâ‡∏ô‡∏°‡∏µ ‡∏≠‡∏¢‡∏π‡πà‡πÄ‡∏£‡∏∑‡πà‡∏≠‡∏¢‡πÜüòÄ","0"
"‡∏™‡∏≤‡∏¢‡∏Ñ‡∏≠‡∏ô‡πÄ‡∏™‡∏¥‡∏£‡πå‡∏ï  ‡∏°‡∏∑‡∏≠‡∏™‡∏±‡πà‡∏ô‡πÄ‡∏•‡∏¢‡∏Ñ‡πà‡∏∞","0"
"‡∏≠‡∏¢‡∏≤‡∏Å‡πÑ‡∏î‡πâ‡πÄ‡∏û‡∏£‡∏≤‡∏∞‡πÄ‡∏ö‡∏≤‡∏ô‡∏µ‡πà‡πÅ‡∏´‡∏•‡∏∞ 14pm ‡∏Ñ‡∏∑‡∏≠ ‡∏õ‡∏ß‡∏î‡∏Ç‡πâ‡∏≠‡∏°‡∏∑‡∏≠‡∏°‡∏≤‡∏Å","0"
"‡∏™‡∏≤‡∏¢‡∏ó‡∏≥‡∏Ñ‡∏≠‡∏ô‡πÄ‡∏ó‡πâ‡∏ô‡∏ô‡πà‡∏≤‡∏à‡∏∞‡∏ñ‡∏π‡∏Å‡πÉ‡∏à‡∏Å‡∏•‡πâ‡∏≠‡∏á‡∏°‡∏≤‡∏Å","0"
"‡∏â‡∏±‡∏ô‡∏à‡∏∞‡∏£‡∏≠ 16 ‡∏≠‡∏≠‡∏Å‡πÄ‡∏û‡∏∑‡πà‡∏≠‡∏à‡∏∞‡∏ã‡∏∑‡πâ‡∏≠ 15 pro ‡πÉ‡∏ô‡∏£‡∏≤‡∏Ñ‡∏≤‡∏•‡∏î ‡πÑ‡∏ó‡πÄ‡∏ó‡πÄ‡∏ô‡∏µ‡∏¢‡∏°‡∏Ñ‡∏∑‡∏≠‡∏î‡∏µ‡∏°‡∏≤‡∏Å‡∏ô‡πà‡∏≤‡∏™‡∏ô‡πÉ‡∏à‡∏ï‡∏£‡∏á‡∏ô‡πâ‡∏≥‡∏´‡∏ô‡∏±‡∏Å","0"
"‡∏ä‡∏≠‡∏ö‡∏°‡∏≤‡∏Å‡∏Ñ‡∏£‡∏±‡∏ö","0"
"‡∏ñ‡∏∂‡∏á‡πÄ‡∏ß‡∏•‡∏≤‡πÄ‡∏õ‡∏•‡∏µ‡πà‡∏¢‡∏ô‡∏£‡∏∏‡πà‡∏ô‡πÅ‡∏•‡πâ‡∏ß‡∏ß‡∏ß‡∏ß‡∏ß‡∏ß","0"
"‡πÇ‡∏≠‡πÄ‡∏Ñ ‡πÑ‡∏î‡πâ‡πÄ‡∏ß‡∏•‡∏≤‡∏à‡∏≤‡∏Å 12 Pro Max ‡πÅ‡∏•‡πâ‡∏ß‡∏Ñ‡∏£‡∏±‡∏ö","0"
"Genshin ‡∏õ‡∏±‡∏ç‡∏´‡∏≤‡∏≠‡∏¢‡∏π‡πà‡∏ó‡∏µ‡πà 128TB ‡∏ï‡∏±‡∏ß‡πÄ‡∏Å‡∏°‡∏°‡∏≤‡∏Å‡∏Å‡∏ß‡πà‡∏≤‡∏ô‡∏∞ üòÇ","0"
"‡∏î‡∏π‡πÅ‡∏•‡πâ‡∏ß ‡∏≠‡∏¢‡∏≤‡∏Å‡πÑ‡∏î‡πâ‡πÄ‡∏•‡∏¢ ‡πÇ‡∏≠‡πä‡∏¢‡∏¢‡∏¢‡∏¢","0"
"‡∏î‡∏µ‡∏á‡∏≤‡∏°‡∏°‡∏≤‡∏Å‡πÜ","0"
"Pro ‡∏´‡∏£‡∏∑‡∏≠ promax ‡∏î‡∏µ‡∏ô‡∏∞","0"
"‡∏î‡∏π‡∏à‡∏ô‡∏à‡∏ö‡∏Ñ‡∏∑‡∏≠‡∏ï‡πâ‡∏≠‡∏á‡∏ã‡∏∑‡πâ‡∏≠‡πÅ‡∏•‡πâ‡∏ß‡∏•‡πà‡∏∞ ‡∏≠‡∏∞‡πÑ‡∏£‡∏à‡∏∞‡∏î‡∏µ‡∏Ç‡∏ô‡∏≤‡∏î‡∏ô‡∏µ‡πâ","0"
"‡∏à‡∏∂‡πâ‡∏á‡∏Å‡∏•‡πâ‡∏≠‡∏á‡∏°‡∏≤‡∏Å5555 ‡∏ó‡∏≥‡πÑ‡∏°‡∏ä‡∏±‡πâ‡∏ô‡πÑ‡∏°‡πà‡∏£‡∏≠ ‡πÅ‡∏Ñ‡πà‡∏õ‡∏µ‡πÄ‡∏î‡∏µ‡∏¢‡∏ß‡πÄ‡∏≠‡∏á‡∏á‡∏á555555","0"
"‡πÄ‡∏´‡∏µ‡πâ‡∏¢‡∏¢‡∏¢ ‡πÉ‡∏ä‡πâ 14PM ‡∏≠‡∏¢‡∏π‡πà ‡πÑ‡∏°‡πà‡πÑ‡∏î‡πâ‡∏≠‡∏¢‡∏≤‡∏Å‡∏ã‡∏∑‡πâ‡∏≠‡πÉ‡∏´‡∏°‡πà‡πÄ‡∏•‡∏¢‡∏ô‡∏∞‡∏à‡∏ô‡πÄ‡∏´‡πá‡∏ô‡πÇ‡∏û‡∏™‡∏ï‡πå‡∏ô‡∏µ‡πâ","0"
"‡∏™‡∏°‡∏Å‡∏±‡∏ö‡πÄ‡∏õ‡πá‡∏ô‡πÅ‡∏ö‡∏£‡∏ô‡∏î‡πå‡∏°‡∏∑‡∏≠‡∏ñ‡∏∑‡∏≠‡∏ó‡∏µ‡πà‡∏î‡∏µ‡∏ó‡∏µ‡πà‡∏™‡∏∏‡∏î‡πÉ‡∏ô‡πÇ‡∏•‡∏Å","0"
"‡πÉ‡∏Ñ‡∏£‡πÄ‡∏•‡πà‡∏ô‡πÄ‡∏Å‡∏°Reveletion M ‡∏à‡∏∞‡∏£‡∏π‡πâ‡πÄ‡∏•‡∏¢‡∏ß‡πà‡∏≤‡∏†‡∏≤‡∏û‡πÉ‡∏ô‡πÄ‡∏Å‡∏°‡∏°‡∏∑‡∏≠‡∏ñ‡∏∑‡∏≠‡∏™‡∏°‡∏±‡∏¢‡∏ô‡∏µ‡πâ‡∏Ñ‡∏∑‡∏≠‡πÑ‡∏õ‡πÑ‡∏Å‡∏•‡∏°‡∏≤‡∏Å‡πÜ ‡πÅ‡∏ï‡πà‡∏ï‡∏¥‡∏î‡∏ó‡∏µ‡πà‡∏ß‡πà‡∏≤‡∏¢‡∏±‡∏á‡πÑ‡∏°‡πà‡∏™‡∏≤‡∏°‡∏≤‡∏£‡∏ñ‡∏ó‡∏≥‡πÅ‡∏°‡∏û‡∏ó‡∏µ‡πà‡πÉ‡∏´‡∏ç‡πà‡πÄ‡∏ó‡πà‡∏≤gta‡πÑ‡∏î‡πâ‡πÄ‡∏•‡∏¢","0"
"‡∏ó‡∏≥‡πÑ‡∏î‡πâ‡∏Ç‡∏ô‡∏≤‡∏î‡∏ô‡∏µ‡πâ ‡∏≠‡∏µ‡∏Å‡∏´‡∏ô‡πà‡∏≠‡∏¢‡πÄ‡∏≠‡∏≤‡∏°‡∏≤‡∏ï‡πà‡∏≠‡∏à‡∏≠‡∏ô‡∏≠‡∏Å ‡∏ó‡∏≥ vfx‡πÑ‡∏î‡πâ‡∏•‡∏∞‡∏°‡∏±‡πä‡∏á","0"
"Apple ‡∏ó‡∏≥‡∏î‡∏µ ‡∏ù‡∏±‡πà‡∏á‡∏û‡∏µ‡∏ã‡∏µ‡∏ä‡∏≠‡∏ö‡∏Å‡∏±‡πä‡∏Å ‡∏û‡∏±‡∏í‡∏ô‡∏≤‡∏ä‡πâ‡∏≤ ‡∏≠‡∏ô‡∏≤‡∏Ñ‡∏ï ‡∏Ñ‡∏ô‡∏à‡∏∞‡πÄ‡∏•‡πà‡∏ô‡πÄ‡∏Å‡∏°‡πÉ‡∏ô‡∏°‡∏∑‡∏≠‡∏ñ‡∏∑‡∏≠‡∏Å‡∏±‡∏ô‡∏´‡∏°‡∏î","0"
"‡πÄ‡∏•‡∏¥‡∏®‡∏°‡∏≤‡∏Å‡∏Å‡∏Å‡∏Å","0"
"‡∏™‡∏µ‡∏î‡∏≥‡∏™‡∏ß‡∏¢‡∏°‡∏≤‡∏Å‡∏Å‡∏Å‡∏Å‡∏Å‡∏Å‡∏Å‡∏Å","0"
"‡∏™‡∏ß‡∏¢‡∏à‡∏±‡∏î‡∏Ñ‡∏£‡∏±‡∏ö","0"
"‡∏Å‡∏¥‡πÄ‡∏•‡∏™‡∏Å‡∏≥‡∏•‡∏±‡∏á‡∏°‡∏≤ ‡∏ï‡∏±‡∏ì‡∏´‡∏≤‡∏Å‡∏≥‡∏•‡∏±‡∏á‡πÄ‡∏Å‡∏¥‡∏î ‡πÄ‡∏á‡∏¥‡∏ô‡πÉ‡∏ô‡∏Å‡∏£‡∏∞‡πÄ‡∏õ‡πã‡∏≤ ‡∏Å‡πá‡∏£‡∏∞‡πÄ‡∏ö‡∏¥‡∏î‡∏´‡∏°‡∏î‡∏™‡∏¥‡∏Ñ‡∏£‡πâ‡∏≤‡∏ö‡∏ö‡∏ö","0"
"‡πÅ‡∏£‡∏á‡∏°‡∏≤‡∏Å","0"
"‡∏≠‡∏¢‡∏≤‡∏Å‡πÑ‡∏î‡πâ‡πÅ‡∏ö‡∏ö‡∏ï‡∏∞‡πÇ‡∏Å‡∏ô!!!","0"
"‡πÄ‡∏î‡∏µ‡πã‡∏¢‡∏ß‡∏à‡∏∞‡∏ã‡∏∑‡πâ‡∏≠‡πÄ‡∏≠‡∏≤‡∏°‡∏≤‡πÄ‡∏•‡πà‡∏ô‡∏ü‡∏£‡∏µ‡∏ü‡∏≤‡∏¢‡∏ô‡∏µ‡πà‡πÅ‡∏´‡∏•‡πà‡∏∞","0"
"‡∏ï‡∏±‡∏î‡∏™‡∏¥‡∏ô‡πÉ‡∏à‡πÑ‡∏°‡πà‡∏ú‡∏¥‡∏î‡∏ó‡∏µ‡πà‡πÄ‡∏≠‡∏≤ White titanium ‡∏™‡∏ß‡∏¢‡∏¢‡∏¢‡∏¢ ‡∏™‡∏ß‡∏¢‡πÄ‡∏´‡∏°‡∏∑‡∏≠‡∏ô‡πÄ‡∏î‡∏¥‡∏°‡πÄ‡∏•‡∏¢","0"
"‡∏≠‡∏¢‡∏≤‡∏Å‡πÑ‡∏î‡πâ‡∏à‡∏∏‡∏á‡πÄ‡∏ö‡∏¢","0"
"‡∏™‡∏µ‡∏î‡∏≥‡∏™‡∏ß‡∏¢","0"
"‡∏ä‡∏≠‡∏ö‡∏Ç‡∏≠‡∏ö‡πÄ‡∏Ñ‡∏£‡∏∑‡πà‡∏≠‡∏á‡∏Ç‡∏≠‡∏á Iphone 15 Pro Max ‡∏°‡∏≤‡∏Å‡∏Å ‡∏à‡∏±‡∏ö‡πÅ‡∏•‡πâ‡∏ß‡∏£‡∏π‡πâ‡∏™‡∏∂‡∏Å‡∏î‡∏µ ‡∏ü‡∏¥‡∏ô‡∏™‡∏∏‡∏î‡πÜ","0"
"15 ‡∏ò‡∏£‡∏£‡∏°‡∏î‡∏≤‡∏™‡∏µ‡∏î‡∏≥ ‡πÅ‡∏Ñ‡πà‡∏ô‡∏µ‡πâ‡∏Å‡πá‡πÇ‡∏î‡∏ô‡πÉ‡∏à‡πÄ‡∏£‡∏≤‡πÅ‡∏•‡πâ‡∏ß‡∏Ñ‡πà‡∏∞ ‡πÄ‡∏û‡∏£‡∏≤‡∏∞‡πÄ‡∏Å‡∏°‡∏Å‡πá‡πÑ‡∏°‡πà‡πÄ‡∏•‡πà‡∏ô ‡πÉ‡∏ä‡πâ‡∏á‡∏≤‡∏ô‡∏ó‡∏±‡πà‡∏ß‡πÑ‡∏õ ‡∏Ñ‡∏∏‡∏¢‡πÑ‡∏•‡∏ô‡πå ‡πÄ‡∏•‡πà‡∏ô‡πÄ‡∏ü‡∏™ ‡∏£‡∏π‡∏õ‡∏ñ‡πà‡∏≤‡∏¢‡∏ö‡πâ‡∏≤‡∏á üòÇüòÇ","0"
"‚Äú ‡∏™‡∏π‡πâ PC ‡∏´‡∏£‡∏∑‡∏≠ console gamer ‡πÑ‡∏°‡πà‡πÑ‡∏î‡πâ‡∏´‡∏£‡∏≠‡∏Å ‚Äú ‡πÅ‡∏´‡∏á ‡∏´‡∏•‡πà‡∏∞‡∏Ñ‡∏£‡∏±‡∏ö ‡πÅ‡∏ï‡πà‚Ä¶.‡∏≠‡∏¢‡πà‡∏≤‡∏•‡∏∑‡∏°‡∏ô‡∏∞‡∏Ñ‡∏£‡∏±‡∏ö ‡πÄ‡∏•‡πà‡∏ô‡πÑ‡∏î‡πâ‡∏ó‡∏∏‡∏Å‡∏ó‡∏µ‡πà ‡πÄ‡∏•‡πà‡∏ô‡πÑ‡∏î‡πâ‡πÄ‡∏Å‡∏∑‡∏≠‡∏ö‡∏ó‡∏±‡πâ‡∏á‡∏ß‡∏±‡∏ô(‡∏ó‡∏µ‡πà‡∏°‡∏µ‡πÄ‡∏ß‡∏•‡∏≤‡πÅ‡∏•‡∏∞‡πÅ‡∏ö‡∏ï‡πÄ‡∏ï‡∏≠‡∏£‡∏µ‡πà) ‡∏î‡∏π‡∏´‡∏ô‡∏±‡∏á I-MAX ‡∏°‡∏±‡∏ô‡∏î‡∏µ‡∏Å‡∏ß‡πà‡∏≤ ‡∏î‡∏π Netflix ‡πÉ‡∏ô iPhone ‡∏≠‡∏¢‡∏π‡πà‡πÅ‡∏•‡πâ‡∏ß ‡πÅ‡∏ï‡πà ‡∏ñ‡∏≤‡∏°‡∏à‡∏£‡∏¥‡∏á ‡∏Ñ‡∏∏‡∏ì‡∏≠‡∏¢‡∏π‡πà‡πÉ‡∏ô platform ‡πÑ‡∏´‡∏ô‡∏°‡∏≤‡∏Å‡∏Å‡∏ß‡πà‡∏≤‡∏Å‡∏±‡∏ô PC ‡∏´‡∏£‡∏∑‡∏≠ Consloe ‡∏Å‡∏≥‡∏•‡∏±‡∏á‡πÇ‡∏î‡∏ô disrupt ‡πÅ‡∏ö‡∏ö‡∏£‡∏∏‡∏ô‡πÅ‡∏£‡∏á ‡∏ñ‡πâ‡∏≤‡πÑ‡∏°‡πà‡∏õ‡∏£‡∏±‡∏ö‡∏ï‡∏±‡∏ß ‡∏´‡∏£‡∏∑‡∏≠‡πÄ‡∏Ç‡πâ‡∏≤‡∏£‡πà‡∏ß‡∏° ‡∏Å‡∏±‡∏ö portable device ‡∏Å‡πá‡πÄ‡∏ï‡∏£‡∏µ‡∏¢‡∏°‡∏ï‡∏±‡∏ß‡πÇ‡∏î‡∏ô‡πÅ‡∏¢‡πà‡∏á‡∏™‡πà‡∏ß‡∏ô‡πÅ‡∏ö‡πà‡∏á‡∏°‡∏´‡∏≤‡∏®‡∏≤‡∏•‡πÑ‡∏î‡πâ‡πÄ‡∏•‡∏¢","0"
"‡∏™‡∏ß‡∏¢","0"
"‡∏™‡∏ß‡∏¢‡πÜ‡πÜ","0"
"‡∏ï‡∏≠‡∏ö‡πÇ‡∏à‡∏ó‡∏¢‡πå ‡∏™‡∏∞‡∏î‡∏ß‡∏Å‡∏Ç‡∏∂‡πâ‡∏ô","0"
"‡∏™‡πà‡∏ß‡∏ô‡∏ó‡∏µ‡πà‡∏ä‡∏≠‡∏ö‡∏Å‡∏•‡πâ‡∏≠‡∏á iPhone ‡∏°‡∏≤‡∏Å‡∏Å‡∏ß‡πà‡∏≤ ‡∏Ñ‡∏∑‡∏≠‡∏Ñ‡∏ß‡∏≤‡∏°‡∏ó‡∏µ‡πà‡∏ñ‡πà‡∏≤‡∏¢‡∏≠‡∏≠‡∏Å‡∏°‡∏≤‡πÄ‡∏õ‡πá‡∏ô‡∏™‡∏µ‡∏ò‡∏£‡∏£‡∏°‡∏ä‡∏≤‡∏ï‡∏¥‡∏ó‡∏µ‡πà‡∏™‡∏∏‡∏î‡∏ô‡∏µ‡πà‡πÅ‡∏´‡∏•‡∏∞ ‡∏ä‡∏≠‡∏ö‡∏Ñ‡∏ß‡∏≤‡∏°‡πÄ‡∏£‡∏µ‡∏¢‡∏• ‡∏ñ‡πâ‡∏≤‡∏´‡∏ô‡πâ‡∏≤‡∏î‡∏≥ ‡πÄ‡∏î‡∏µ‡πã‡∏¢‡∏ß‡πÄ‡∏≠‡∏≤‡πÑ‡∏õ‡πÅ‡∏ï‡πà‡∏á‡πÄ‡∏≠‡∏á 555","0"
"‡∏´‡πà‡∏ß‡∏¢‡πÅ‡∏Ñ‡πâ‡πÑ‡∏´‡∏ô ‡∏Å‡πá‡∏ã‡∏∑‡πâ‡∏≠‡∏≠‡πà‡∏∞ 5555","0"
"‡∏î‡∏π‡∏ä‡πà‡∏≠‡∏á ‡∏ï‡∏õ‡∏ó ‡πÑ‡∏≠‡πÇ‡∏ü‡∏ô‡∏£‡∏∏‡πà‡∏ô‡∏õ‡∏±‡∏à‡∏à‡∏∏‡∏ö‡∏±‡∏ô‡∏ï‡∏±‡∏î‡∏Ç‡∏≠‡∏ö‡∏ú‡∏°‡∏™‡∏ß‡∏¢‡∏Ç‡∏∂‡πâ‡∏ô‡∏°‡∏≤‡∏Å‡πÑ‡∏°‡πà‡∏´‡∏•‡∏≠‡∏Å‡∏ï‡∏≤ ‡πÄ‡∏≠‡πÑ‡∏≠‡∏î‡∏π‡∏â‡∏•‡∏≤‡∏î‡∏Ç‡∏∂‡πâ‡∏ô","0"
"‡πÉ‡∏ö‡πÑ‡∏°‡πâ‡∏™‡∏ß‡∏¢‡∏°‡∏≤‡∏Å‡∏Å‡∏Å‡∏Å‡∏Å‡∏Å‡∏Å‡∏Å‡∏Å‡∏Å‡∏Å ‡∏ï‡∏≠‡∏ô‡πÅ‡∏£‡∏Å‡πÄ‡∏â‡∏¢‡πÜ ‡∏ï‡∏≠‡∏ô‡∏ô‡∏µ‡πâ‡∏´‡∏ß‡∏±‡πà‡∏ô‡πÑ‡∏´‡∏ß‡∏•‡∏∞‡πÄ‡∏û‡∏£‡∏≤‡∏∞‡∏ñ‡πà‡∏≤‡∏¢‡πÉ‡∏ö‡πÑ‡∏°‡πâ‡∏™‡∏ß‡∏¢","0"
"‡∏ï‡πâ‡∏≠‡∏á‡∏ö‡∏≠‡∏Å‡πÄ‡∏•‡∏¢‡∏ß‡πà‡∏≤ Portrait Mode ‡∏ô‡∏≤‡∏á‡πÄ‡∏Å‡πà‡∏á‡∏Å‡∏ß‡πà‡∏≤‡πÄ‡∏î‡∏¥‡∏°‡∏à‡∏£‡∏¥‡∏á ‡πÜ ‡∏ô‡∏∞ ‡∏ä‡πà‡∏ß‡∏á‡∏´‡∏•‡∏±‡∏á ‡πÜ ‡πÄ‡∏£‡∏≤‡∏Å‡πá‡πÑ‡∏°‡πà‡πÑ‡∏î‡πâ‡∏ñ‡πà‡∏≤‡∏¢ Portrait Mode ‡∏•‡∏∞‡πÉ‡∏ô‡πÑ‡∏≠‡πÇ‡∏ü‡∏ô ‡πÅ‡∏ï‡πà‡∏ï‡∏±‡∏ß‡∏ô‡∏µ‡πâ‡∏ö‡∏≠‡∏Å‡πÄ‡∏•‡∏¢‡∏ß‡πà‡∏≤ ‡∏Ñ‡∏∏‡∏ì‡∏≠‡∏≤‡∏à‡∏à‡∏∞‡∏ä‡∏≠‡∏ö Portrait Mode ‡∏Å‡∏ß‡πà‡∏≤‡πÄ‡∏î‡∏¥‡∏°","0"
"‡∏°‡∏µ error ‡∏ã‡∏≠‡∏Å‡∏ô‡∏¥‡πâ‡∏ß ‡∏ã‡∏≠‡∏Å‡∏Å‡∏£‡∏∞‡πÄ‡∏õ‡πã‡∏≤‡∏ö‡πâ‡∏≤‡∏á ‡πÅ‡∏ï‡πà‡∏£‡∏ß‡∏°‡πÜ ‡∏Ñ‡∏∑‡∏≠‡∏•‡∏∞‡∏°‡∏∏‡∏ô‡∏°‡∏≤‡∏Å","0"
"‡∏´‡∏•‡∏±‡∏á‡∏à‡∏≤‡∏Å‡πÄ‡∏°‡∏∑‡πà‡∏≠‡∏ß‡∏≤‡∏ô‡πÑ‡∏õ‡∏ï‡πà‡∏≠‡πÄ‡πÄ‡∏ñ‡∏ß‡∏°‡∏≤‡∏ï‡∏±‡πâ‡∏á‡∏ô‡∏≤‡∏ô5555 ‡πÄ‡∏£‡∏≤‡∏Å‡πá‡πÑ‡∏î‡πâ‡∏≠‡∏±‡∏ô‡∏ô‡∏µ‡πâ‡∏°‡∏≤ ‡∏à‡∏∞‡∏ö‡∏≠‡∏Å‡∏ß‡πà‡∏≤‡∏™‡∏µ‡∏Ç‡∏≤‡∏ß‡∏™‡∏ß‡∏¢‡∏°‡∏≤‡∏Å‡πÜ ‡∏î‡∏π‡πÄ‡∏õ‡πá‡∏ô‡∏™‡∏µ‡∏Ç‡∏≤‡∏ß‡∏ó‡∏µ‡πà‡∏û‡∏£‡∏µ‡πÄ‡∏°‡∏µ‡πà‡∏¢‡∏° ‡∏Ñ‡∏∑‡∏≠‡πÄ‡∏£‡∏≤‡πÉ‡∏™‡πà‡πÄ‡∏Ñ‡∏™‡πÉ‡∏™‡πÅ‡∏•‡πâ‡∏ß‡∏¢‡∏±‡∏á‡∏£‡∏π‡πâ‡∏™‡∏∂‡∏Å‡∏ñ‡∏∂‡∏á‡∏Ñ‡∏ß‡∏≤‡∏°‡∏™‡∏ß‡∏¢ ‡πÅ‡∏ö‡∏ö‡∏°‡∏±‡∏ô‡∏Ñ‡∏∑‡∏≠‡∏™‡∏µ‡∏Ç‡∏≤‡∏ß‡∏°‡πà‡∏ô‡πÜ‡πÅ‡∏ö‡∏ö‡∏û‡∏≠‡∏î‡∏µ ‡∏ñ‡∏π‡∏Å‡πÉ‡∏à‡πÄ‡∏£‡∏≤‡∏™‡∏∏‡∏î‡πÜ‡πÜ","0"
"‡πÄ‡∏ô‡∏µ‡∏¢‡∏ô‡∏Ç‡∏∂‡πâ‡∏ô‡∏°‡∏≤‡∏Å ‡πÄ‡∏´‡∏°‡∏∑‡∏≠‡∏ô‡∏ñ‡πà‡∏≤‡∏¢‡∏à‡∏≤‡∏Å‡∏Å‡∏•‡πâ‡∏≠‡∏á","0"
"‡πÉ‡∏ô‡∏ó‡∏µ‡πà‡∏™‡∏∏‡∏î‡∏Å‡πá‡∏Å‡∏î‡πÑ‡∏î‡πâ‡∏ã‡∏∞‡∏ó‡∏µ ‡πÄ‡∏õ‡πá‡∏ô‡∏Å‡∏≤‡∏£‡πÄ‡∏™‡∏µ‡∏¢‡∏ï‡∏±‡∏á‡∏ó‡∏µ‡πà‡πÅ‡∏™‡∏ô‡∏°‡∏µ‡∏Ñ‡∏ß‡∏≤‡∏°‡∏™‡∏∏‡∏Ç","0"
"‡πÄ‡∏õ‡πá‡∏ô‡∏£‡∏≠‡∏¢‡∏ô‡∏¥‡πâ‡∏ß ‡∏Ñ‡∏£‡∏≤‡∏ö‡∏á‡πà‡∏≤‡∏¢ ‡πÅ‡∏ï‡πà‡∏ä‡∏≠‡∏ö‡∏Å‡∏ß‡πà‡∏≤‡∏Ç‡∏≠‡∏ö‡πÄ‡∏á‡∏≤‡πÜ ‡πÅ‡∏ö‡∏ö‡∏°‡∏∑‡∏≠‡∏ñ‡∏∑‡∏≠‡∏à‡∏µ‡∏ô‡∏£‡∏≤‡∏Ñ‡∏≤‡∏õ‡∏£‡∏∞‡∏´‡∏¢‡∏±‡∏î ‡∏Å‡∏±‡∏ö‡πÄ‡∏õ‡πá‡∏ô‡πÄ‡∏£‡∏∑‡πà‡∏≠‡∏á cosmetic ‡∏ó‡∏µ‡πà user > 90% ‡πÉ‡∏™‡πà‡πÄ‡∏Ñ‡∏™‡∏≠‡∏¢‡∏π‡πà‡πÅ‡∏•‡πâ‡∏ß","0"
"‡πÇ‡∏≠‡πÄ‡∏Ñ ‡∏¢‡∏≠‡∏°‡∏°‡∏° ‡∏Å‡∏•‡πâ‡∏≠‡∏á Portrait 5X ‡∏î‡∏µ‡∏°‡∏≤‡∏Å‡∏Å‡∏Å ‡πÉ‡∏´‡πâ iPhone 15 Pro Max ‡∏≠‡∏±‡∏ô‡∏î‡∏±‡∏ö‡∏™‡∏≠‡∏á ‡∏£‡∏≠‡∏á‡∏à‡∏≤‡∏Å OPPO Find X6 Pro","0"
"‡πÄ‡∏°‡∏∑‡πà‡∏≠‡∏Å‡πà‡∏≠‡∏ô iPhone ‡∏Ñ‡∏∑‡∏≠ edge detection ‡∏´‡πà‡∏ß‡∏¢‡∏°‡∏≤‡∏Å ‡πÅ‡∏ï‡πà‡∏≠‡∏±‡∏ô‡∏ô‡∏µ‡πâ‡∏Ñ‡∏∑‡∏≠‡∏î‡∏µ ‡πÄ‡∏Å‡πá‡∏ö‡∏£‡∏≤‡∏¢‡∏•‡∏∞‡πÄ‡∏≠‡∏µ‡∏¢‡∏î‡πÄ‡∏™‡πâ‡∏ô‡∏ú‡∏°‡πÄ‡∏ß‡πà‡∏≠‡∏°‡∏≤‡∏Å","0"
"‡∏ó‡∏µ‡πà‡∏ã‡∏∑‡πâ‡∏≠ 15 ‡πÄ‡∏û‡∏£‡∏≤‡∏∞ Type-C ‡πÄ‡∏ó‡πà‡∏≤‡∏ô‡∏±‡πâ‡∏ô‡πÄ‡∏•‡∏¢‡∏Ñ‡∏£‡∏±‡∏ö ‡∏°‡∏±‡∏ô‡∏™‡∏∞‡∏î‡∏ß‡∏Å‡∏°‡∏≤‡∏Å‡πÜ ‡∏™‡∏≤‡∏°‡∏≤‡∏£‡∏ñ‡πÉ‡∏ä‡πâ‡∏≠‡∏∏‡∏õ‡∏Å‡∏£‡∏ì‡πå‡∏ó‡∏µ‡πà‡∏°‡∏µ‡πÄ‡∏î‡∏¥‡∏°‡∏£‡πà‡∏ß‡∏°‡∏Å‡∏±‡∏ö macbook ipad ‡∏£‡∏ß‡∏°‡∏ñ‡∏∂‡∏á‡∏Ñ‡πà‡∏≤‡∏¢‡∏≠‡∏∑‡πà‡∏ô‡πÑ‡∏î‡πâ‡πÄ‡∏•‡∏¢ ‡∏•‡∏≤‡∏Ç‡∏≤‡∏î‡∏Å‡∏±‡∏ô‡∏™‡∏±‡∏Å‡∏ó‡∏µ‡∏û‡∏≠‡∏£‡πå‡∏ï‡πÇ‡∏ö‡∏£‡∏≤‡∏ì lightning ‡πÄ‡∏Ñ‡∏¢‡πÉ‡∏ä‡πâ android ‡πÅ‡∏•‡πâ‡∏ß‡∏°‡∏±‡∏ô‡πÑ‡∏°‡πà‡∏™‡∏∞‡∏î‡∏ß‡∏Å‡πÄ‡∏•‡∏¢‡πÅ‡∏•‡∏∞‡∏¢‡∏∏‡πà‡∏á‡∏¢‡∏≤‡∏Å‡πÄ‡∏ß‡∏•‡∏≤‡∏à‡∏∞‡πÄ‡∏ä‡∏∑‡πà‡∏≠‡∏°‡∏ï‡πà‡∏≠‡∏´‡∏£‡∏∑‡∏≠‡∏ó‡∏≥‡∏á‡∏≤‡∏ô‡∏£‡πà‡∏ß‡∏°‡∏Å‡∏±‡∏ö macbook ipad","0"
"‡∏Å‡∏•‡πâ‡∏≠‡∏á‡∏ñ‡πà‡∏≤‡∏¢‡πÑ‡∏î‡πâ‡∏™‡∏ß‡∏¢‡∏Ç‡∏∂‡πâ‡∏ô‡∏≠‡∏¢‡∏π‡πà‡∏ô‡∏∞  5555","0"
"‡∏ó‡∏≥‡πÉ‡∏´‡πâ‡∏´‡∏ô‡∏π‡∏≠‡∏¢‡∏≤‡∏Å‡∏ã‡∏∑‡πâ‡∏≠ Pro Max ‡πÑ‡∏õ‡∏≠‡∏µ‡∏Å‡∏Å‡∏Å ‡∏ó‡∏±‡πâ‡∏á‡πÜ‡∏ó‡∏µ‡πà‡∏õ‡∏Å‡∏ï‡∏¥‡∏ä‡∏≠‡∏ö Pro ‡∏ò‡∏£‡∏£‡∏°‡∏î‡∏≤","0"
"‡∏Å‡πá‡πÑ‡∏°‡πà‡∏°‡∏µ‡∏õ‡∏±‡∏ç‡∏´‡∏≤‡∏≠‡∏∞‡πÑ‡∏£‡πÑ‡∏°‡πà‡∏£‡πâ‡∏≠‡∏ô‡πÄ‡∏•‡∏¢ ‡∏î‡∏µ‡∏Å‡∏ß‡πà‡∏≤ 14 Pro Max ‡∏≠‡∏µ‡∏Å","0"
"iPhone ‡∏ñ‡πà‡∏≤‡∏¢‡∏£‡∏π‡∏õ ‡∏ñ‡πà‡∏≤‡∏¢‡∏ß‡∏µ‡∏î‡∏µ‡πÇ‡∏≠ ‡∏ä‡∏±‡∏î‡∏•‡∏∑‡πà‡∏ô‡∏ó‡∏∏‡∏Å‡πÅ‡∏≠‡∏õ","0"
"‡∏à‡∏£‡∏¥‡∏á 15 Plus ‡πÑ‡∏°‡πà‡∏°‡∏µ‡∏£‡∏≠‡∏¢‡∏°‡∏∑‡∏≠ ‡πÅ‡∏•‡∏∞‡∏ú‡∏¥‡∏ß‡∏™‡∏±‡∏°‡∏ú‡∏±‡∏™‡∏î‡∏µ‡∏°‡∏≤‡∏Å","0"
"‡∏Ç‡∏≠‡∏á‡∏ú‡∏°15 pro max ‡πÄ‡∏•‡πà‡∏ô‡πÄ‡∏Å‡∏°‡πÑ‡∏°‡πà‡∏£‡πâ‡∏≠‡∏ô‡πÄ‡∏•‡∏¢‡∏Ñ‡∏£‡∏±‡∏ö ‡πÄ‡∏•‡πà‡∏ô‡∏û‡∏ß‡∏Å ‡∏û‡∏±‡∏ö‡∏à‡∏µ‡πÑ‡∏î‡πâ‡∏¢‡∏≤‡∏ß‡πÜ‡πÄ‡∏•‡πÑ‡∏°‡πà‡∏°‡∏µ‡∏õ‡∏±‡∏ç‡∏´‡∏≤‡πÄ‡∏ü‡∏£‡∏°‡πÄ‡∏£‡∏ó‡∏´‡∏£‡∏∑‡∏≠‡πÄ‡∏Ñ‡∏£‡∏∑‡πà‡∏≠‡∏á‡∏£‡πâ‡∏≠‡∏ô‡πÄ‡∏•‡∏¢‡∏Ñ‡∏£‡∏±‡∏ö","0"
"‡∏™‡∏µ Blue ‡∏™‡∏ß‡∏¢‡∏î‡∏µ ‡∏à‡∏≠‡∏á‡∏ñ‡∏π‡∏Å‡∏™‡∏µ‡∏•‡∏∞","0"
"‡∏ï‡∏≠‡∏ô‡πÅ‡∏£‡∏Å‡∏£‡∏π‡∏õ‡∏à‡∏∞‡∏î‡∏π over exposure ‡∏≠‡∏¢‡∏π‡πà‡πÅ‡∏´‡∏•‡∏∞ ‡πÅ‡∏ï‡πà‡∏û‡∏≠‡∏ñ‡πà‡∏≤‡∏¢‡∏≠‡∏≠‡∏Å‡∏°‡∏≤ ‡∏ú‡∏¥‡∏ß‡πÇ‡∏≠‡πÄ‡∏Ñ‡πÄ‡∏•‡∏¢‡∏¢‡∏¢ ‡∏≠‡∏±‡∏ô‡∏ô‡∏µ‡πâ‡∏¢‡∏∑‡∏ô‡∏¢‡∏±‡∏ô‡∏ß‡πà‡∏≤‡∏î‡∏µ‡∏ß‡πà‡∏≤ iPhone 14 Pro Max 300%","0"
"‡∏ú‡∏°‡∏ß‡πà‡∏≤‡∏à‡∏∞‡πÑ‡∏°‡πà‡∏ã‡∏∑‡πâ‡∏≠‡πÄ‡∏û‡∏£‡∏≤‡∏∞‡πÉ‡∏ä‡πâ 12 pro max ‡∏≠‡∏¢‡∏π‡πà ‡∏ï‡∏≠‡∏ô‡∏ô‡∏µ‡πâ‡∏à‡∏∞‡∏≠‡∏¢‡∏≤‡∏Å‡∏ã‡∏∑‡πâ‡∏≠‡∏•‡∏∞‡∏Ñ‡∏±‡∏ö‡πÄ‡∏ô‡∏µ‡πâ‡∏¢‡∏¢ 555","0"
"‡∏ó‡∏∏‡∏Å‡∏ß‡∏±‡∏ô‡∏ô‡∏µ‡πâ‡πÉ‡∏ä‡πâ iphone ‡πÄ‡∏û‡∏£‡∏≤‡∏∞‡∏ä‡∏≠‡∏ö ios ‡∏™‡πà‡∏ß‡∏ô‡∏ï‡∏±‡∏ß‡πÄ‡∏Ñ‡∏£‡∏∑‡πà‡∏≠‡∏á‡∏Ñ‡∏¥‡∏î‡∏ß‡πà‡∏≤‡∏°‡∏±‡∏ô‡∏î‡∏µ‡∏°‡∏≤‡∏Å‡πÜ‡∏°‡∏≤‡∏ï‡∏±‡πâ‡∏á‡πÅ‡∏ï‡πà‡∏£‡∏∏‡πà‡∏ô‡πÄ‡∏Å‡πà‡∏≤‡πÜ‡πÅ‡∏•‡πâ‡∏ß‡πÄ‡∏•‡∏¢‡πÑ‡∏°‡πà‡πÑ‡∏î‡πâ‡∏™‡∏ô‡πÉ‡∏à‡πÄ‡∏ß‡∏•‡∏≤‡πÄ‡∏õ‡∏¥‡∏î‡∏ï‡∏±‡∏ß‡πÄ‡∏ó‡πà‡∏≤‡πÑ‡∏´‡∏£‡πà ‡∏≠‡∏¢‡∏≤‡∏Å‡∏ã‡∏∑‡πâ‡∏≠‡πÉ‡∏´‡∏°‡πà‡∏õ‡∏µ‡πÑ‡∏´‡∏ô ‡∏Å‡πá‡∏ã‡∏∑‡πâ‡∏≠‡∏£‡∏∏‡πà‡∏ô‡∏õ‡∏µ‡∏ô‡∏±‡πâ‡∏ô‡πÅ‡∏´‡∏•‡∏∞","0"
"‡πÄ‡∏õ‡πá‡∏ô‡∏Ñ‡∏£‡∏±‡πâ‡∏á‡πÅ‡∏£‡∏Å‡∏ó‡∏µ‡πà‡∏≠‡∏¢‡∏≤‡∏Å‡πÑ‡∏î‡πâ ‡∏£‡∏∏‡πà‡∏ô pro ‡∏Å‡πà‡∏≠‡∏ô‡∏´‡∏ô‡πâ‡∏≤‡∏ô‡∏µ‡πâ‡∏£‡∏π‡πâ‡∏™‡∏∂‡∏Å‡∏ß‡πà‡∏≤‡πÅ‡∏û‡∏á‡πÅ‡∏•‡∏∞‡πÑ‡∏°‡πà‡∏Ñ‡∏∏‡πâ‡∏° ‡∏ï‡∏≠‡∏ô‡∏ô‡∏µ‡πâ‡∏≠‡∏¢‡∏≤‡∏Å‡πÑ‡∏î‡πâ 15 pro ‡∏°‡∏≤‡∏Å‡∏Å‡∏Å‡∏Å‡∏Å","0"
"‡πÄ‡∏´‡πà‡∏¢!!! ‡πÑ‡∏≠‡πÇ‡∏ü‡∏ô 15 ‡∏°‡∏≤‡πÅ‡∏•‡πâ‡∏ß ‡∏™‡∏ß‡∏¢‡∏Ç‡∏∂‡πâ‡∏ô‡πÄ‡∏´‡∏°‡∏∑‡∏≠‡∏ô‡πÄ‡∏î‡∏¥‡∏°‡πÄ‡∏•‡∏¢","0"
"‡πÑ‡∏°‡πà‡πÄ‡∏Ñ‡∏¢‡∏≠‡∏¢‡∏≤‡∏Å‡πÑ‡∏î‡πâIphone ‡∏à‡∏ô‡∏Å‡∏£‡∏∞‡∏ó‡∏±‡πà‡∏á‡∏ó‡∏≥‡∏à‡∏≤‡∏Å‡πÑ‡∏ó‡πÄ‡∏ó ‡∏™‡∏≤‡∏¢EDC‡πÅ‡∏ö‡∏ö‡∏ú‡∏°‡∏ï‡∏≤‡∏•‡∏∏‡∏Å‡∏ß‡∏≤‡∏ß‡πÄ‡∏•‡∏¢ ‡∏õ‡∏£‡∏∞‡∏™‡∏¥‡∏ó‡∏ò‡∏¥‡∏†‡∏≤‡∏û‡πÉ‡∏ä‡πâ‡πÑ‡∏°‡πà‡∏ñ‡∏∂‡∏á‡∏´‡∏£‡∏≠‡∏Å ‡πÅ‡∏ï‡πà‡∏≠‡∏¢‡∏≤‡∏Å‡πÑ‡∏î‡πâ‡πÄ‡∏û‡∏£‡∏≤‡∏∞‡πÑ‡∏ó‡πÄ‡∏ó","0"
"Iphone 15 pro max ‡πÄ‡∏ö‡∏≤‡∏°‡∏≤‡∏Å‡∏Å‡∏Å ‡∏Ç‡∏≠‡∏á‡∏à‡∏£‡∏¥‡∏á‡πÄ‡∏ö‡∏≤‡∏°‡∏≤‡∏Å‡πÜ‡πÜ ‡πÄ‡∏ö‡∏≤‡∏à‡∏ô‡∏ï‡∏Å‡πÉ‡∏à ‡πÄ‡∏ö‡∏≤‡πÅ‡∏ö‡∏ö‡∏≠‡∏µ 14 ‡πÉ‡∏ô‡∏°‡∏∑‡∏≠‡∏Ç‡∏≠‡∏á‡∏Å‡∏π‡∏Ñ‡∏∑‡∏≠‡∏´‡∏ô‡∏±‡∏Å‡∏°‡∏≤‡∏Å‡πÑ‡∏õ‡πÄ‡∏•‡∏¢55555 ‡πÉ‡∏Ñ‡∏£‡∏•‡∏±‡∏á‡πÄ‡∏•‡∏≠‡∏¢‡∏π‡πà‡∏ß‡πà‡∏≤‡∏à‡∏∞‡∏ã‡∏∑‡πâ‡∏≠‡∏≠‡∏∞‡πÑ‡∏£‡∏î‡∏µ ‡πÄ‡∏ä‡∏µ‡∏¢‡∏£‡πå pro max ‡∏ô‡∏∞","0"
"‡∏™‡∏µ‡πÑ‡∏ó‡πÄ‡∏ó‡πÄ‡∏ô‡∏µ‡πà‡∏¢‡∏°‡∏™‡∏ß‡∏¢‡∏°‡∏≤‡∏Å‡∏Å‡∏Å‡∏Å‡∏Å ‡∏ï‡∏≤‡πÅ‡∏ï‡∏Å‡∏Å‡∏Å‡∏Å‡∏Å‡∏Å‡∏Å‡∏Å‡∏Å","0"
"‡∏à‡∏∞‡∏ã‡∏∑‡πâ‡∏≠‡πÄ‡∏û‡∏£‡∏≤‡∏∞‡πÄ‡∏Ñ‡∏£‡∏∑‡πà‡∏≠‡∏á‡πÄ‡∏ö‡∏≤‡∏ô‡∏µ‡πà‡∏•‡πà‡∏∞ ‡∏™‡πà‡∏ß‡∏ô‡∏°‡∏≤‡∏Å‡πÉ‡∏ä‡πâ‡∏°‡∏∑‡∏≠‡∏ñ‡∏∑‡∏≠‡∏ó‡∏≥‡∏á‡∏≤‡∏ô 14 pro max‡∏Ñ‡∏∑‡∏≠‡∏õ‡∏ß‡∏î‡∏°‡∏∑‡∏≠‡∏à‡∏£‡∏¥‡∏á","0"
"‡πÅ‡∏ö‡∏ï iPhone 15 Pro Max ‡πÉ‡∏ä‡πâ‡∏á‡∏≤‡∏ô‡∏ó‡∏±‡πà‡∏ß‡πÑ‡∏õ ‡∏ñ‡πà‡∏≤‡∏¢‡∏£‡∏π‡∏õ ‡πÄ‡∏•‡πà‡∏ô‡∏ó‡∏ß‡∏¥‡∏ï ‡πÑ‡∏ñ‡∏ï‡∏ï ‡πÑ‡∏≠‡∏à‡∏µ ‡∏≠‡∏∂‡∏î‡∏Å‡∏ß‡πà‡∏≤ 14 Pro Max ‡πÅ‡∏ö‡∏ö‡∏™‡∏∏‡∏î ‡πÜ","0"
"‡∏ó‡∏µ‡πà‡∏ã‡∏∑‡πâ‡∏≠ 15 ‡πÄ‡∏û‡∏£‡∏≤‡∏∞ Type-C ‡πÄ‡∏ó‡πà‡∏≤‡∏ô‡∏±‡πâ‡∏ô‡πÄ‡∏•‡∏¢‡∏Ñ‡∏£‡∏±‡∏ö ‡∏°‡∏±‡∏ô‡∏™‡∏∞‡∏î‡∏ß‡∏Å‡∏°‡∏≤‡∏Å‡πÜ ‡∏™‡∏≤‡∏°‡∏≤‡∏£‡∏ñ‡πÉ‡∏ä‡πâ‡∏≠‡∏∏‡∏õ‡∏Å‡∏£‡∏ì‡πå‡∏ó‡∏µ‡πà‡∏°‡∏µ‡πÄ‡∏î‡∏¥‡∏°‡∏£‡πà‡∏ß‡∏°‡∏Å‡∏±‡∏ö macbook ipad ‡∏£‡∏ß‡∏°‡∏ñ‡∏∂‡∏á‡∏Ñ‡πà‡∏≤‡∏¢‡∏≠‡∏∑‡πà‡∏ô‡πÑ‡∏î‡πâ‡πÄ‡∏•‡∏¢ ‡∏•‡∏≤‡∏Ç‡∏≤‡∏î‡∏Å‡∏±‡∏ô‡∏™‡∏±‡∏Å‡∏ó‡∏µ‡∏û‡∏≠‡∏£‡πå‡∏ï‡πÇ‡∏ö‡∏£‡∏≤‡∏ì lightning ‡πÄ‡∏Ñ‡∏¢‡πÉ‡∏ä‡πâ android ‡πÅ‡∏•‡πâ‡∏ß‡∏°‡∏±‡∏ô‡πÑ‡∏°‡πà‡∏™‡∏∞‡∏î‡∏ß‡∏Å‡πÄ‡∏•‡∏¢‡πÅ‡∏•‡∏∞‡∏¢‡∏∏‡πà‡∏á‡∏¢‡∏≤‡∏Å‡πÄ‡∏ß‡∏•‡∏≤‡∏à‡∏∞‡πÄ‡∏ä‡∏∑‡πà‡∏≠‡∏°‡∏ï‡πà‡∏≠‡∏´‡∏£‡∏∑‡∏≠‡∏ó‡∏≥‡∏á‡∏≤‡∏ô‡∏£‡πà‡∏ß‡∏°‡∏Å‡∏±‡∏ö macbook ipad","0"
"‡∏ô‡πà‡∏≤‡∏ã‡∏∑‡πâ‡∏≠‡∏°‡∏≤‡∏Å ‡∏à‡∏≤‡∏Å‡πÉ‡∏à‡∏Ñ‡∏ô‡πÉ‡∏ä‡πâ‡πÑ‡∏≠‡πÇ‡∏ü‡∏ô11","0"
"‡∏ú‡∏°‡∏ã‡∏∑‡πâ‡∏≠‡πÄ‡πÄ‡∏ô‡πà‡∏ô‡∏≠‡∏ô 15 pro ‡∏ú‡∏°‡∏Ç‡∏≠‡πÉ‡∏ä‡πâ 14 pro ‡πÄ‡∏ö‡∏∑‡πà‡∏≠‡∏Å‡πà‡∏≠‡∏ô5555‡πÄ‡∏î‡∏µ‡πã‡∏¢‡∏ß‡πÄ‡∏≠‡∏≤‡πÑ‡∏õ‡πÄ‡∏ó‡∏¥‡∏ô‡πÄ‡∏≠‡∏≤","0"
"‡∏´‡∏•‡∏á‡∏£‡∏±‡∏Å‡πÄ‡∏™‡∏µ‡∏¢‡∏á‡∏•‡∏≥‡πÇ‡∏û‡∏á‡πÑ‡∏≠‡πÇ‡∏ü‡∏ô‡∏°‡∏≤‡∏Å","0"
"‡πÄ‡∏≠‡∏≠ ‡∏Å‡∏•‡πâ‡∏≠‡∏á iPhone 15 Pro Max ‡∏≠‡∏∞ ‡∏û‡∏≠‡πÑ‡∏î‡πâ‡∏•‡∏≠‡∏á‡πÅ‡∏ö‡∏ö HEIF 24 mp ‡πÄ‡∏ó‡∏µ‡∏¢‡∏ö‡∏Å‡∏±‡∏ö HEIF 48 mp ‡πÄ‡∏´‡πá‡∏ô‡πÄ‡∏•‡∏¢‡∏ß‡πà‡∏≤‡∏ï‡πà‡∏≤‡∏á‡∏Å‡∏±‡∏ô‡πÅ‡∏ö‡∏ö‡∏ó‡∏µ‡πà Apple ‡∏ö‡∏≠‡∏Å ‡πÑ‡∏ü‡∏•‡πå 24 mp ‡∏à‡∏±‡∏î‡∏Å‡∏≤‡∏£‡πÅ‡∏™‡∏á low light ‡πÑ‡∏î‡πâ‡∏î‡∏µ‡∏Å‡∏ß‡πà‡∏≤","0"
"‡πÅ‡∏´‡∏° ‡πÅ‡∏ï‡πà‡∏•‡∏∞‡∏™‡∏µ ‡πÄ‡∏´‡πá‡∏ô‡πÅ‡∏•‡πâ‡∏ß‡πÄ‡∏Å‡∏¥‡∏î‡∏Å‡∏¥‡πÄ‡∏•‡∏™üòÇüòÇüòÇ","0"
"‡∏™‡∏µ‡∏ä‡∏°‡∏û‡∏π ‡∏ñ‡∏π‡∏Å‡πÉ‡∏à‡∏™‡∏∏‡∏î‡πÜ","0"
"‡πÑ‡∏°‡πà‡∏£‡πâ‡∏≠‡∏ô‡∏ô‡∏∞ 15 pro max ‡∏ú‡∏°‡πÉ‡∏ä‡πâ‡∏°‡∏≤ 2 ‡∏≠‡∏≤‡∏ó‡∏¥‡∏ï‡∏¢‡πå‡∏•‡∏∞ ‡∏ü‡∏±‡∏á‡∏´‡∏π‡πÑ‡∏ß‡πâ‡∏´‡∏π‡∏ô‡∏∞","0"
"‡∏Å‡πá‡πÑ‡∏°‡πà‡∏£‡πâ‡∏≠‡∏ô‡∏ô‡∏∞‡πÅ‡∏Å ‡πÄ‡∏£‡∏≤‡∏Å‡πá‡πÉ‡∏ä‡πâ‡πÑ‡∏õ‡∏ä‡∏≤‡∏£‡∏ï‡πå‡πÑ‡∏õ ‡∏ó‡∏±‡πâ‡∏á‡∏ß‡∏±‡∏ô  15 pm","0"
"‡∏à‡∏±‡∏î‡∏°‡∏≤‡πÅ‡∏•‡πâ‡∏ß‡∏™‡∏µ‡∏™‡∏ß‡∏¢‡∏ñ‡∏π‡∏Å‡πÉ‡∏à ‡∏û‡∏≠‡πÑ‡∏î‡πâ‡∏£‡∏±‡∏ö‡πÄ‡∏Ñ‡∏£‡∏∑‡πà‡∏≠‡∏á‡∏£‡∏µ‡∏ö‡πÑ‡∏õ‡∏ï‡∏¥‡∏î‡∏ü‡∏¥‡∏•‡πå‡∏°‡∏Å‡∏£‡∏∞‡∏à‡∏Å‡∏Ç‡∏≠‡∏á‡πÄ‡∏≠‡πÄ‡∏ö‡∏¥‡∏•‡πÄ‡∏°‡πá‡∏ô‡∏£‡∏∏‡πà‡∏ô‡πÉ‡∏´‡∏°‡πà‡∏Å‡∏£‡∏∞‡∏à‡∏Å‡∏Ñ‡∏£‡∏¥‡∏™‡∏ï‡∏±‡∏™‡πÄ‡∏•‡∏¢ ‡∏°‡∏µ‡∏£‡∏±‡∏ö‡∏õ‡∏£‡∏∞‡∏Å‡∏±‡∏ô 5 ‡∏õ‡∏µ ‡πÅ‡∏ñ‡∏°‡πÉ‡∏™‡πà‡πÑ‡πâ‡∏ó‡∏∏‡∏Å‡πÄ‡∏Ñ‡∏™‡πÑ‡∏°‡πà‡∏î‡∏±‡∏ô‡∏ü‡∏¥‡∏•‡πå‡∏°‡∏î‡πâ‡∏ß‡∏¢‡πÄ‡∏£‡∏¥‡πà‡∏î","0"
"‡∏ú‡∏°‡πÄ‡∏õ‡∏•‡∏µ‡πà‡∏¢‡∏ô‡∏à‡∏≤‡∏Å14pm ‡∏°‡∏≤15pm ‡πÉ‡∏ä‡πâ‡∏á‡∏≤‡∏ô‡∏ó‡∏±‡πà‡∏ß‡πÑ‡∏õ‡∏Å‡πá‡πÑ‡∏°‡πà‡∏£‡πâ‡∏≠‡∏¢‡πÄ‡∏•‡∏¢‡∏Ñ‡∏£‡∏±‡∏ö‡∏ñ‡πâ‡∏≤‡πÄ‡∏ó‡∏µ‡∏¢‡∏ö‡∏Å‡∏±‡∏ö‡∏ï‡∏≠‡∏ô14pm‡πÉ‡∏ä‡πâ‡∏ó‡∏±‡πà‡∏ß‡πÑ‡∏õ‡∏≠‡∏∏‡πà‡∏ô‡πÜ‡∏£‡πâ‡∏≠‡∏ô‡∏á‡πà‡∏≤‡∏¢","0"
"‡πÉ‡∏Ñ‡∏£‡∏ö‡∏≠‡∏Å‡∏£‡πâ‡∏≠‡∏ô‡∏á‡πà‡∏≤‡∏¢‡∏Ñ‡∏∑‡∏ô‡πÄ‡∏Ñ‡∏£‡∏∑‡πà‡∏≠‡∏á‡∏≠‡∏∞‡πÑ‡∏£‡∏°‡∏±‡πà‡∏ß‡∏ó‡∏±‡πâ‡∏á‡∏ô‡∏±‡πâ‡∏ô‡∏ú‡∏°‡πÉ‡∏ä‡πâ‡∏≠‡∏¢‡∏π‡πà‡πÄ‡∏õ‡πá‡∏ô‡πÄ‡∏Å‡∏°‡πÅ‡∏ï‡πà‡πà‡∏ú‡∏°‡πÉ‡∏™‡πà‡πÄ‡∏Ñ‡∏™‡∏ô‡∏∞‡πÑ‡∏°‡πà‡πÄ‡∏´‡πá‡∏ô‡∏à‡∏∞‡πÄ‡πÄ‡∏•‡∏Ñ‡∏≠‡∏∞‡πÑ‡∏£‡πÄ‡∏•‡∏¢","0"
"‡πÄ‡∏´‡∏ï‡∏∏‡∏ú‡∏•‡∏ó‡∏µ‡πà‡∏¢‡∏≠‡∏°‡∏ã‡∏∑‡πâ‡∏≠‡πÑ‡∏≠‡πÇ‡∏ü‡∏ô‡πÄ‡∏û‡∏£‡∏≤‡∏∞‡∏ï‡πâ‡∏≠‡∏á‡∏Å‡∏≤‡∏£‡∏Ñ‡∏ß‡∏≤‡∏°‡∏´‡∏£‡∏π‡∏Ç‡∏≠‡∏á‡∏ï‡∏±‡∏ß‡∏°‡∏∑‡∏≠‡∏ñ‡∏∑‡∏≠‡πÅ‡∏•‡∏∞‡∏Ñ‡∏ß‡∏≤‡∏°‡πÄ‡∏õ‡πá‡∏ôiphone","0"
"‡∏™‡∏µ‡πÑ‡∏≠‡πÇ‡∏ü‡∏ô 15 ‡∏£‡∏∏‡πà‡∏ô‡∏ò‡∏£‡∏£‡∏°‡∏î‡∏≤‡∏ï‡∏±‡∏ß‡∏à‡∏£‡∏¥‡∏á‡πÇ‡∏Ñ‡∏ï‡∏£‡∏™‡∏ß‡∏¢‡∏¢‡∏¢‡∏¢‡∏¢‡∏¢‡∏¢‡∏¢‡∏¢‡∏¢‡∏¢","0"
"‡∏™‡∏ï‡∏µ‡∏ü‡∏à‡πä‡∏≠‡∏ö‡∏ô‡πà‡∏≤‡∏à‡∏∞‡∏õ‡∏•‡∏¥‡πâ‡∏°‡∏Å‡∏±‡∏ö‡∏î‡∏µ‡πÑ‡∏ã‡∏ô‡πå iphone ‡∏£‡∏≠‡∏ö‡∏ô‡∏µ‡πâ‡∏ô‡∏∞ ‡πÄ‡∏û‡∏£‡∏≤‡∏∞‡∏°‡∏±‡∏ô‡∏î‡∏π‡∏™‡∏ß‡∏¢‡∏°‡∏≤‡∏Å‡∏à‡∏£‡∏¥‡∏á‡πÜ ‡∏ó‡∏±‡πâ‡∏á‡πÜ‡∏ó‡∏µ‡πà‡∏î‡∏µ‡πÑ‡∏ã‡∏ô‡πå‡πÅ‡∏ó‡∏ö‡∏à‡∏∞‡πÄ‡∏´‡∏°‡∏∑‡∏≠‡∏ô‡πÄ‡∏î‡∏¥‡∏° ‡πÄ‡∏û‡∏µ‡∏¢‡∏á‡πÅ‡∏Ñ‡πà‡πÄ‡∏õ‡∏•‡∏µ‡πà‡∏¢‡∏ô‡∏°‡∏≤‡πÉ‡∏ä‡πâ‡πÄ‡∏õ‡πá‡∏ô‡∏ß‡∏±‡∏™‡∏î‡∏∏‡πÑ‡∏ó‡πÄ‡∏ó‡πÄ‡∏ô‡∏µ‡∏¢‡∏° ‡πÅ‡∏•‡∏∞‡∏õ‡∏£‡∏±‡∏ö‡πÉ‡∏´‡πâ‡∏Ç‡∏≠‡∏ö‡πÄ‡∏Ñ‡∏£‡∏∑‡πà‡∏≠‡∏á‡∏°‡∏ô‡∏Ç‡∏∂‡πâ‡∏ô(‡πÅ‡∏≠‡∏ö‡∏´‡∏ô‡∏≤‡∏Ç‡∏∂‡πâ‡∏ô‡∏ô‡∏¥‡∏î‡∏ô‡∏∂‡∏á) ‡πÅ‡∏•‡∏∞‡∏•‡∏î‡∏Ñ‡∏ß‡∏≤‡∏°‡∏Å‡∏ß‡πâ‡∏≤‡∏á ‡∏Ñ‡∏ß‡∏≤‡∏°‡∏™‡∏π‡∏á‡∏≠‡∏¢‡πà‡∏≤‡∏á‡∏•‡πà‡∏∞‡∏ô‡∏¥‡∏î‡∏´‡∏ô‡πà‡∏≠‡∏¢ ‡∏ó‡∏≥‡πÉ‡∏´‡πâ‡∏ï‡∏±‡∏ß‡πÄ‡∏Ñ‡∏£‡∏∑‡πà‡∏≠‡∏á‡∏°‡∏±‡∏ô‡∏î‡∏π‡∏™‡∏°‡∏°‡∏≤‡∏ï‡∏£‡∏°‡∏≤‡∏Å‡∏Å‡∏ß‡πà‡∏≤‡∏£‡∏∏‡πà‡∏ô‡∏ó‡∏µ‡πà‡πÅ‡∏•‡πâ‡∏ß ‡∏≠‡∏µ‡∏Å‡πÄ‡∏£‡∏∑‡πà‡∏≠‡∏á‡∏Ñ‡∏∑‡∏≠‡∏Ç‡∏≠‡∏ö‡∏à‡∏≠‡∏ó‡∏µ‡πà‡∏ö‡∏≤‡∏á‡∏•‡∏á ‡πÇ‡∏î‡∏¢‡πÄ‡∏â‡∏û‡∏≤‡∏∞ 15 pro ‡∏°‡∏±‡∏ô‡∏ö‡∏≤‡∏á‡∏Å‡∏ß‡πà‡∏≤‡∏£‡∏∏‡πà‡∏ô 14 pro ‡πÅ‡∏ö‡∏ö‡∏ä‡∏±‡∏î‡πÄ‡∏à‡∏ô ‡∏°‡∏±‡∏ô‡∏ó‡∏≥‡πÉ‡∏´‡πâ‡πÑ‡∏î‡∏ô‡∏≤‡∏°‡∏¥‡∏Å‡πÑ‡∏≠‡πÅ‡∏•‡∏ô‡∏î‡πå‡∏î‡∏π‡∏°‡∏µ‡πÄ‡∏™‡∏ô‡πà‡∏´‡πå‡∏Ç‡∏∂‡πâ‡∏ô ‡∏à‡∏≤‡∏Å‡πÄ‡∏°‡∏∑‡πà‡∏≠‡∏Å‡πà‡∏≠‡∏ô‡πÄ‡∏´‡πá‡∏ô‡πÅ‡∏•‡πâ‡∏ß‡∏Ç‡∏±‡∏î‡∏ï‡∏≤ ‡∏ï‡∏≠‡∏ô‡∏ô‡∏µ‡∏¢‡∏¥‡πà‡∏á‡∏î‡∏π‡∏£‡∏µ‡∏ß‡∏¥‡∏ß‡∏¢‡∏¥‡πà‡∏á‡∏≠‡∏¢‡∏≤‡∏Å‡πÄ‡∏™‡∏µ‡∏¢‡πÄ‡∏á‡∏¥‡∏ô‡∏à‡∏£‡∏¥‡∏á‡πÜ‡πÄ‡∏•‡∏¢","0"
"‡πÑ‡∏ó‡πÄ‡∏ó‡πÄ‡∏ô‡∏µ‡∏¢‡∏°‡∏ò‡∏£‡∏£‡∏°‡∏ä‡∏≤‡∏ï‡∏¥ ‡∏Å‡∏±‡∏ö ‡πÑ‡∏ó‡πÄ‡∏ó‡πÄ‡∏ô‡∏µ‡∏¢‡∏°‡∏ô‡πâ‡∏≥‡πÄ‡∏á‡∏¥‡∏ô ‡∏à‡∏±‡∏ö‡πÄ‡∏Ñ‡∏£‡∏∑‡πà‡∏≠‡∏á‡∏à‡∏£‡∏¥‡∏á‡∏™‡∏ß‡∏¢‡∏°‡∏≤‡∏Å ‡πÄ‡∏•‡∏∑‡∏≠‡∏Å‡πÑ‡∏°‡πà‡∏ñ‡∏π‡∏Å‡πÄ‡∏•‡∏¢","0"
"‡∏ä‡∏≠‡∏ö‡∏™‡∏µ‡∏Ç‡∏≤‡∏ß‡∏°‡∏≤‡∏Å ‡∏ï‡∏≠‡∏ô‡∏Å‡∏î‡∏à‡∏≠‡∏á‡πÑ‡∏°‡πà‡∏Ñ‡∏¥‡∏î‡πÄ‡∏•‡∏¢ ‡πÅ‡∏ï‡πà‡∏û‡∏≠‡πÄ‡∏´‡πá‡∏ô‡∏£‡∏µ‡∏ß‡∏¥‡∏ß‡∏ô‡∏µ‡πâ ‡∏ä‡∏≠‡∏ö‡∏Ç‡∏∂‡πâ‡∏ô‡πÑ‡∏õ‡∏≠‡∏µ‡∏Å‡πÄ‡∏õ‡πá‡∏ô‡∏™‡∏µ‡∏Ç‡∏≤‡∏ß‡∏ó‡∏µ‡πà‡πÑ‡∏°‡πà‡∏™‡∏ß‡πà‡∏≤‡∏á‡∏°‡∏≤‡∏Å ‡∏ú‡∏ä. ‡∏¢‡∏¥‡πà‡∏á‡πÉ‡∏ä‡πâ‡∏á‡∏≤‡∏ô‡πÑ‡∏î‡πâ‡∏Ç‡∏∂‡πâ‡∏ô‡∏≠‡∏µ‡∏Å ‡πÄ‡∏û‡∏£‡∏≤‡∏∞‡∏™‡πà‡∏ß‡∏ô‡∏°‡∏≤‡∏Å ‡∏ú‡∏ç. ‡∏à‡∏∞‡πÉ‡∏ä‡πâ‡∏™‡∏µ‡∏ô‡∏µ‡πâ‡πÄ‡∏¢‡∏≠‡∏∞‡∏°‡∏≤‡∏Å ‡∏≠‡∏¢‡∏≤‡∏Å‡∏à‡∏±‡∏ö‡∏ï‡∏±‡∏ß‡∏à‡∏£‡∏¥‡∏á‡πÅ‡∏•‡πâ‡∏ß‡∏ß‡∏ï‡∏≠‡∏ô‡∏ô‡∏µ‡πâ5555","0"
"‡∏î‡∏µ‡πÄ‡∏ó‡∏•‡∏≠‡∏∑‡πà‡∏ô‡πÜ ‡πÄ‡∏ä‡πà‡∏ô ‡∏Ç‡∏≠‡∏ö‡∏à‡∏≠‡πÄ‡∏•‡πá‡∏Å‡∏•‡∏á ‡∏ß‡∏±‡∏™‡∏î‡∏∏‡πÄ‡∏õ‡∏•‡∏µ‡πà‡∏¢‡∏ô‡πÄ‡∏õ‡πá‡∏ô Titanium ‡∏£‡∏ß‡∏°‡πÜ ‡πÅ‡∏•‡πâ‡∏ß‡∏ó‡∏≥‡πÉ‡∏´‡πâ‡πÄ‡∏Ñ‡∏£‡∏∑‡πà‡∏≠‡∏á‡∏î‡∏π‡∏°‡∏µ‡πÄ‡∏™‡∏ô‡πà‡∏´‡πå‡∏°‡∏≤‡∏Å","0"
"‡∏™‡∏≥‡∏´‡∏£‡∏±‡∏ö‡∏ú‡∏° ‡∏ú‡∏°‡∏ä‡∏≠‡∏ö‡∏™‡∏µ‡πÑ‡∏ó‡πÄ‡∏ó‡πÄ‡∏ô‡∏µ‡∏¢‡∏°‡∏ò‡∏£‡∏£‡∏°‡∏ä‡∏≤‡∏ï‡∏¥‡∏Ñ‡∏£‡∏±‡∏ö ‡∏™‡∏ß‡∏¢‡∏°‡πä‡∏≤‡∏Å‡∏Å‡∏Å‡∏Åüòçüòç","0"
"‡∏£‡∏≤‡∏Ñ‡∏≤‡∏ñ‡∏π‡∏Å‡∏à‡∏±‡∏ö‡∏ï‡πâ‡∏≠‡∏á‡πÑ‡∏î‡πâ ‡∏™‡∏ß‡∏¢‡∏°‡∏≤‡∏Å‡∏Ñ‡∏£‡∏±‡∏ö","0"
"‡πÑ‡∏≠‡πÇ‡∏ü‡∏ô 15 ‡∏ò‡∏£‡∏£‡∏°‡∏î‡∏≤‡∏™‡∏µ‡∏î‡∏≥‡∏™‡∏ß‡∏¢‡∏≠‡∏∞","0"
"‡∏ß‡πä‡∏≤‡∏ß‡∏ß‡∏ß ‡πÑ‡∏≠‡πÇ‡∏ü‡∏ô15‡∏≠‡∏≠‡∏Å‡πÉ‡∏´‡∏°‡πà‡∏™‡∏ß‡∏¢‡πÄ‡∏´‡∏°‡∏∑‡∏≠‡∏ô‡πÄ‡∏î‡∏¥‡∏°‡πÄ‡∏•‡∏¢‡∏Ñ‡πà‡∏∞ ‡∏ñ‡∏ñ‡∏ñ‡∏ñ‡∏ñ‡∏ñ","0"
"‡∏ß‡∏±‡∏ô‡∏ô‡∏µ‡πâ‡πÑ‡∏õ‡∏•‡∏≠‡∏á‡∏à‡∏±‡∏ö‡πÑ‡∏≠‡πÇ‡∏ü‡∏ô 15 ‡∏°‡∏≤‡πÅ‡∏¢‡∏∞ ‡∏™‡∏µ‡∏ü‡πâ‡∏≤‡∏Ç‡∏≠‡∏á 15 ‡∏£‡∏∏‡πà‡∏ô‡∏ò‡∏£‡∏£‡∏°‡∏î‡∏≤‡∏™‡∏ß‡∏¢‡∏°‡∏≤‡∏Å ‡∏™‡πà‡∏ß‡∏ô‡∏û‡∏ß‡∏Å‡∏£‡∏∏‡πà‡∏ô pro ‡∏â‡∏±‡∏ô‡∏ä‡∏≠‡∏ö‡∏™‡∏µ‡πÄ‡∏ô‡πÄ‡∏ä‡∏≠‡∏£‡∏±‡∏•‡πÑ‡∏ó‡πÄ‡∏ó‡πÄ‡∏ô‡∏µ‡∏¢‡∏°","0"
"‡∏•‡∏≠‡∏á‡πÉ‡∏ä‡πâ iphone 15 Pro Max ‡∏°‡∏≤ 2 ‡∏ß‡∏±‡∏ô ‡∏ô‡πâ‡∏≥‡∏´‡∏ô‡∏±‡∏Å‡πÄ‡∏ö‡∏≤‡∏Å‡∏ß‡πà‡∏≤ i14 ‡∏ä‡∏±‡∏î‡πÄ‡∏à‡∏ô ‡πÉ‡∏ä‡πâ‡∏á‡∏≤‡∏ô‡πÄ‡∏£‡πá‡∏ß‡πÅ‡∏•‡∏∞‡∏•‡∏∑‡πà‡∏ô‡∏Å‡∏ß‡πà‡∏≤‡πÄ‡∏î‡∏¥‡∏°‡πÄ‡∏¢‡∏≠‡∏∞ ‡∏•‡∏≥‡πÇ‡∏û‡∏á‡πÄ‡∏™‡∏µ‡∏¢‡∏á‡∏Ñ‡∏°‡∏ä‡∏±‡∏î‡∏Å‡∏ß‡πà‡∏≤‡πÄ‡∏î‡∏¥‡∏° ‡∏ä‡∏≤‡∏£‡πå‡∏ï‡πÑ‡∏ü‡πÄ‡∏ï‡πá‡∏°‡πÄ‡∏£‡πá‡∏ß","0"
"‡∏ï‡∏≤‡∏°‡∏´‡∏•‡∏±‡∏Å‡∏°‡∏±‡∏ô‡πÅ‡∏¢‡∏Å‡∏Å‡∏±‡∏ö‡∏£‡∏∞‡∏´‡∏ß‡πà‡∏≤‡∏á‡πÇ‡∏´‡∏•‡∏î‡∏Å‡∏±‡∏ö‡πÅ‡∏´‡∏•‡πà‡∏á‡∏à‡πà‡∏≤‡∏¢ ‡πÑ‡∏°‡πà‡∏ß‡πà‡∏≤‡πÅ‡∏´‡∏•‡πà‡∏á‡∏à‡πà‡∏≤‡∏¢‡∏à‡∏∞‡∏à‡πà‡∏≤‡∏¢‡πÑ‡∏î‡πâ‡∏°‡∏≤‡∏Å‡πÅ‡∏Ñ‡πà‡πÑ‡∏´‡∏ô ‡πÅ‡∏ï‡πà‡πÇ‡∏´‡∏•‡∏î‡∏£‡∏±‡∏ö‡πÑ‡∏î‡πâ‡πÅ‡∏Ñ‡πà‡πÑ‡∏´‡∏ô‡∏°‡∏±‡∏ô‡∏Å‡πá‡∏à‡πà‡∏≤‡∏¢‡πÅ‡∏Ñ‡πà‡∏ô‡∏±‡πâ‡∏ô ‡∏ñ‡πâ‡∏≤‡∏ï‡∏≤‡∏°‡∏ó‡∏µ‡πà‡∏≠‡πâ‡∏≤‡∏á‡πÄ‡∏õ‡πá‡∏ô‡∏à‡∏£‡∏¥‡∏á‡πÑ‡∏°‡πà‡∏ï‡πâ‡∏≠‡∏á‡∏´‡πà‡∏ß‡∏á‡πÄ‡∏Ñ‡∏£‡∏∑‡πà‡∏≠‡∏á‡∏£‡πâ‡∏≠‡∏ô‡∏Ñ‡∏£‡∏±‡∏ö ‡∏Ç‡πâ‡∏≤‡∏°‡πÑ‡∏õ‡∏´‡πà‡∏ß‡∏á‡πÄ‡∏£‡∏∑‡πà‡∏≠‡∏á‡πÅ‡∏ö‡∏ï‡∏£‡∏∞‡πÄ‡∏ö‡∏¥‡∏î‡πÑ‡∏î‡πâ‡πÄ‡∏•‡∏¢","0"
"‡πÑ‡∏≠‡πÇ‡∏ü‡∏ô15‡πÄ‡∏Ñ‡∏£‡∏∑‡πà‡∏≠‡∏á‡πÄ‡∏•‡πá‡∏Å‡πÅ‡∏•‡∏∞‡πÄ‡∏ö‡∏≤‡∏°‡∏≤‡∏Å ‡πÜ‡∏à‡∏ô‡πÑ‡∏°‡πà‡∏Ñ‡∏≤‡∏î‡∏Ñ‡∏¥‡∏î‡∏ß‡πà‡∏≤‡∏°‡∏±‡∏ô‡∏Ç‡∏ô‡∏≤‡∏î‡∏à‡∏≠‡πÄ‡∏ó‡πà‡∏≤‡πÑ‡∏≠‡πÇ‡∏ü‡∏ô11","0"
"‡∏ú‡∏°‡∏ã‡∏∑‡πâ‡∏≠‡∏°‡∏≤‡∏ñ‡πà‡∏≤‡∏¢‡∏™‡∏ï‡∏≠‡∏£‡∏µ‡πà‡πÑ‡∏≠‡∏à‡∏µ ‡∏ï‡πâ‡∏≠‡∏á‡∏£‡∏∏‡πà‡∏ô‡∏ô‡∏µ‡πâ‡∏à‡∏£‡∏¥‡∏á‡πÜ ‡∏•‡∏≠‡∏á‡πÑ‡∏õ‡πÉ‡∏ä‡πâ‡∏£‡∏∏‡πà‡∏ô‡∏≠‡∏∑‡πà‡∏ô‡πÅ‡∏•‡πâ‡∏ß‡∏†‡∏≤‡∏û‡∏°‡∏±‡∏ô‡πÑ‡∏°‡πà‡∏Ñ‡∏°‡∏ä‡∏±‡∏î‡πÄ‡∏ó‡πà‡∏≤‡∏£‡∏∏‡πà‡∏ô‡∏ô‡∏µ‡πâ","0"
"‡∏™‡∏µ‡πÑ‡∏ó‡πÄ‡∏ó‡πÄ‡∏ô‡∏µ‡πà‡∏¢‡∏°‡∏Ç‡∏≤‡∏ß ‡∏ù‡∏≤‡∏´‡∏•‡∏±‡∏á‡∏à‡∏∞‡∏°‡∏µ‡∏Ñ‡∏ß‡∏≤‡∏°‡∏≠‡∏°‡πÄ‡∏´‡∏•‡∏∑‡∏≠‡∏á‡∏ô‡∏¥‡∏î‡πÜ‡∏Ñ‡∏•‡πâ‡∏≤‡∏¢‡∏™‡∏µ‡πÑ‡∏Ç‡πà‡∏°‡∏∏‡∏Å ‡∏™‡∏ß‡∏¢‡∏°‡∏≤‡∏Å‡πÜ‡∏Ñ‡∏£‡∏±‡∏ö ‡πÅ‡∏ï‡πà‡∏ï‡∏≠‡∏ô‡∏Å‡∏î‡∏à‡∏≠‡∏á‡πÄ‡∏•‡∏∑‡∏≠‡∏Å‡∏™‡∏µ‡∏ò‡∏£‡∏£‡∏°‡∏ä‡∏≤‡∏ï‡∏¥‡πÄ‡∏û‡∏£‡∏≤‡∏∞‡πÄ‡∏´‡πá‡∏ô‡∏ß‡πà‡∏≤‡πÄ‡∏õ‡πá‡∏ô‡∏™‡∏µ‡πÉ‡∏´‡∏°‡πà","0"
"‡πÄ‡∏≠‡πã ‡∏ô‡∏µ‡πà‡∏Å‡πá 15 Pro Max ‡∏Å‡πá‡πÑ‡∏°‡πà‡∏£‡πâ‡∏≠‡∏ô‡∏ô‡∏∞","0"
"‡∏Ç‡∏≠‡∏á‡∏ú‡∏°‡∏£‡πâ‡∏≠‡∏ô‡∏ï‡∏≠‡∏ô‡πÉ‡∏ä‡πâ‡∏Å‡∏•‡πâ‡∏≠‡∏á‡∏Å‡∏•‡∏≤‡∏á‡πÅ‡∏à‡πâ‡∏á ‡∏™‡πà‡∏ß‡∏ô‡πÄ‡∏•‡πà‡∏ô ROV ‡∏Å‡πá‡∏£‡πâ‡∏≠‡∏ô‡∏ô‡∏∞‡πÅ‡∏ï‡πà‡πÑ‡∏°‡πà‡∏°‡∏≤‡∏Å ‡πÑ‡∏°‡πà‡πÑ‡∏î‡πâ‡∏£‡πâ‡∏≠‡∏ô‡πÅ‡∏õ‡∏•‡∏Å ‡πÜ ‡∏≠‡∏∞","0"
"‡∏Ç‡∏≠‡∏á‡∏ú‡∏° 15 pro max ‡∏¢‡∏±‡∏á‡πÑ‡∏°‡πà‡πÄ‡∏à‡∏≠‡∏õ‡∏±‡∏ç‡∏´‡∏≤‡∏Ñ‡∏ß‡∏≤‡∏°‡∏£‡πâ‡∏≠‡∏ô ‡∏´‡∏£‡∏∑‡∏≠‡πÅ‡∏ö‡∏ï‡∏´‡∏°‡∏î‡πÄ‡∏£‡πá‡∏ß","0"
"‡∏ä‡∏∑‡πà‡∏ô‡∏ä‡∏°‡πÉ‡∏ô‡∏Ñ‡∏ß‡∏≤‡∏°‡∏û‡∏¢‡∏≤‡∏¢‡∏≤‡∏°‡∏£‡∏µ‡∏ß‡∏¥‡∏ß‡∏´‡∏≤‡∏à‡∏∏‡∏î‡πÄ‡∏î‡πà‡∏ô‡∏Ç‡∏≠‡∏á iphone ‡∏°‡∏≤‡∏ô‡∏≥‡πÄ‡∏™‡∏ô‡∏≠‡∏Ñ‡∏£‡∏±‡∏ö USB-C ‡∏´‡∏£‡∏∑‡∏≠ ‡∏ã‡∏π‡∏° 5 ‡πÄ‡∏ó‡πà‡∏≤‡∏≠‡∏∞‡πÑ‡∏£‡πÅ‡∏ö‡∏ö‡∏ô‡∏µ‡πâ ‡∏Ñ‡∏∑‡∏≠ .. ‡∏¢‡∏¥‡∏ô‡∏î‡∏µ‡∏ó‡∏µ‡πà apple ‡∏°‡∏≤‡∏ñ‡∏∂‡∏á‡∏à‡∏∏‡∏î‡∏ô‡∏µ‡πâ‡πÑ‡∏î‡πâ‡∏™‡∏±‡∏Å‡∏ó‡∏µ‡∏Ñ‡∏£‡∏±‡∏ö","0"
"‡πÅ‡∏•‡πâ‡∏ß‡πÅ‡∏ï‡πà‡∏Ñ‡∏ô‡∏™‡∏∞‡∏î‡∏ß‡∏Å ‡∏ä‡πà‡∏≠‡∏á USB C ‡∏™‡∏≥‡∏´‡∏£‡∏±‡∏ö‡∏ú‡∏°‡∏Ñ‡∏∏‡πâ‡∏°‡∏Ñ‡πà‡∏≤‡∏û‡∏≠‡∏ó‡∏µ‡πà‡∏à‡∏∞‡∏ã‡∏∑‡πâ‡∏≠ ‡∏ñ‡πâ‡∏≤‡∏ï‡πâ‡∏≠‡∏á‡πÄ‡∏õ‡∏•‡∏µ‡πà‡∏¢‡∏ô‡∏£‡∏∏‡πà‡∏ô ‡πÅ‡∏Ñ‡πà‡∏ô‡∏±‡πâ‡∏ô","0"
"‡πÄ‡∏õ‡πá‡∏ô‡πÄ‡∏£‡∏∑‡πà‡∏≠‡∏á‡∏õ‡∏£‡∏Å‡∏ï‡∏¥‡∏Ñ‡πà‡∏∞  ‡∏ö‡πà‡∏ô‡∏Å‡∏±‡∏ô‡∏ó‡∏∏‡∏Å‡∏Ñ‡∏ô ‡πÅ‡∏ï‡πà‡∏Å‡πá‡∏ã‡∏∑‡πâ‡∏≠  ‡∏¢‡∏±‡∏á‡πÑ‡∏á‡πÄ‡∏£‡∏≤‡∏Å‡πá‡∏ã‡∏∑‡πâ‡∏≠‡πÄ‡∏´‡∏°‡∏∑‡∏≠‡∏ô‡∏Å‡∏±‡∏ô","0"
"‡∏Ñ‡∏ß‡∏≤‡∏°‡∏û‡∏∂‡∏á‡∏û‡∏≠‡πÉ‡∏à‡∏Ç‡∏≠‡∏á‡∏Ñ‡∏ô‡∏°‡∏±‡∏ô‡πÑ‡∏°‡πà‡∏°‡∏µ‡πÄ‡∏´‡∏ï‡∏∏‡∏ú‡∏•‡∏´‡∏£‡∏≠‡∏Å‡∏Ñ‡∏£‡∏±‡∏ö","0"
"‡∏ú‡∏°‡∏ß‡πà‡∏≤‡∏õ‡∏µ‡∏´‡∏ô‡πâ‡∏≤‡∏°‡∏≤‡πÅ‡∏ô‡πà ‡∏à‡∏≠120Hz ‡πÅ‡∏ï‡πà‡∏à‡∏£‡∏¥‡∏á‡πÜ‡∏Ñ‡∏ß‡∏£‡πÉ‡∏™‡πà‡∏°‡∏≤‡∏ï‡∏±‡πâ‡∏á‡πÅ‡∏ï‡πà‡∏õ‡∏µ‡∏ô‡∏µ‡πâ‡πÄ‡∏•‡∏¢‡∏ô‡∏±‡πà‡∏ô‡πÅ‡∏´‡∏•‡∏∞ ‡πÄ‡∏û‡∏£‡∏≤‡∏∞‡∏¢‡∏±‡∏î‡∏™‡πÄ‡∏õ‡∏Ñ14Pro‡∏°‡∏≤‡πÅ‡∏•‡πâ‡∏ß‡∏¢‡∏±‡∏á‡πÑ‡∏áCPU‡∏Å‡πá‡∏£‡∏≠‡∏á‡∏£‡∏±‡∏ö‡∏à‡∏≠120Hz","0"
"‡∏™‡∏ß‡∏¢‡∏ó‡∏∏‡∏Å‡∏™‡∏µ‡πÄ‡∏•‡∏¢‡πÅ‡∏ï‡πà‡∏Å‡∏±‡πä‡∏Å‡∏à‡∏£‡∏¥‡∏áiphone 15 15plus ‡∏Ñ‡∏ß‡∏£‡πÑ‡∏î‡πâ‡∏à‡∏≠120hz‡πÑ‡∏î‡πâ‡πÅ‡∏•‡πâ‡∏ß‡πÅ‡∏ï‡πà‡∏Ñ‡πà‡∏≤‡∏¢‡πÅ‡∏≠‡∏ô‡∏î‡∏£‡∏≠‡∏¢‡∏Å‡πá‡∏Å‡∏±‡πä‡∏Å‡∏ï‡∏±‡∏ß‡∏ó‡πá‡∏≠‡∏õ‡∏ö‡∏≤‡∏á‡∏Ñ‡πà‡∏≤‡∏¢‡∏¢‡∏±‡∏á‡∏ñ‡πà‡∏≤‡∏¢‡∏ß‡∏¥‡∏î‡∏µ‡πÇ‡∏≠4K‡∏Å‡∏•‡πâ‡∏≠‡∏á‡∏´‡∏ô‡πâ‡∏≤‡πÑ‡∏°‡πà‡πÑ‡∏î‡πâ","0"
"‡∏ú‡∏°‡∏Ñ‡∏¥‡∏î‡∏ß‡πà‡∏≤‡∏Ñ‡∏ô‡∏ó‡∏µ‡πà‡∏Ñ‡∏ß‡∏£‡πÄ‡∏õ‡∏•‡∏µ‡πà‡∏¢‡∏ô‡∏°‡∏≤‡∏Å‡∏ó‡∏µ‡πà‡∏™‡∏∏‡∏î‡∏Ñ‡∏∑‡∏≠‡∏Ñ‡∏ô‡∏ó‡∏µ‡πà‡πÉ‡∏ä‡πâ iphone 11 ‡∏•‡∏á‡πÑ‡∏õ   ‡∏°‡∏±‡∏ô‡πÄ‡∏õ‡∏•‡∏µ‡πà‡∏¢‡∏ô‡πÅ‡∏ö‡∏ö‡∏Å‡πâ‡∏≤‡∏ß‡∏Å‡∏£‡∏∞‡πÇ‡∏î‡∏î‡∏û‡∏≠‡∏™‡∏°‡∏Ñ‡∏ß‡∏£‡πÄ‡∏•‡∏¢‡πÅ‡∏ï‡πà‡∏™‡∏≥‡∏´‡∏£‡∏±‡∏ö‡∏Ñ‡∏ô‡πÉ‡∏ä‡πâ iphone 14 ‡∏≠‡∏¢‡∏π‡πà ‡∏Ñ‡∏á‡πÑ‡∏°‡πà‡πÑ‡∏î‡πâ‡∏£‡∏π‡πâ‡∏™‡∏∂‡∏Å‡∏ß‡πâ‡∏≤‡∏ß‡∏≠‡∏∞‡πÑ‡∏£‡πÅ‡∏ï‡πà‡∏ñ‡πâ‡∏≤‡∏ä‡∏≠‡∏ö‡∏Å‡πá‡πÄ‡∏õ‡∏•‡∏µ‡πà‡∏¢‡∏ô‡πÄ‡∏•‡∏¢‡∏Ñ‡∏£‡∏±‡∏ö  ‡∏Ç‡∏≠‡∏á‡πÅ‡∏ö‡∏ö‡∏ô‡∏µ‡πâ‡πÑ‡∏°‡πà‡πÑ‡∏î‡πâ‡∏°‡∏µ‡∏Å‡∏é‡πÄ‡∏Å‡∏ì‡∏ë‡πå‡∏´‡∏£‡∏≠‡∏Å ‡∏à‡∏∞‡∏ã‡∏∑‡πâ‡∏≠‡πÑ‡∏ß‡πâ‡πÄ‡∏õ‡πá‡∏ô‡πÄ‡∏Ñ‡∏£‡∏∑‡πà‡∏≠‡∏á‡∏™‡∏≥‡∏£‡∏≠‡∏á‡∏Å‡πá‡πÑ‡∏°‡πà‡∏ú‡∏¥‡∏î‡∏≠‡∏∞‡πÑ‡∏£","0"
"iPhone 15 Pro Max ‡∏Ç‡∏≠‡∏á‡πÄ‡∏£‡∏≤‡∏¢‡∏±‡∏á‡πÑ‡∏°‡πà‡∏°‡∏µ‡∏õ‡∏±‡∏ç‡∏´‡∏≤‡∏ä‡∏≤‡∏£‡πå‡∏à‡πÅ‡∏•‡πâ‡∏ß‡πÄ‡∏Ñ‡∏£‡∏∑‡πà‡∏≠‡∏á‡∏£‡πâ‡∏≠‡∏ô overheat ‡∏ô‡∏∞ ‡∏Ñ‡∏∑‡∏≠‡∏ä‡∏≤‡∏£‡πå‡∏à‡πÅ‡∏•‡πâ‡∏ß‡∏£‡πâ‡∏≠‡∏ô‡∏õ‡∏Å‡∏ï‡∏¥ ‡∏ó‡∏µ‡πà‡πÄ‡∏Ñ‡∏¢‡∏ä‡∏≤‡∏£‡πå‡∏à‡πÑ‡∏≠‡πÇ‡∏ü‡∏ô‡∏°‡∏≤‡∏ï‡∏•‡∏≠‡∏î‡πÅ‡∏´‡∏•‡∏∞","0"
"‡∏≠‡∏¢‡∏≤‡∏Å‡πÉ‡∏´‡πâ‡∏ó‡∏∏‡∏Å‡∏Ñ‡∏ô‡πÉ‡∏à‡πÄ‡∏¢‡πá‡∏ô‡πÄ‡∏£‡∏∑‡πà‡∏≠‡∏á‡πÄ‡∏Å‡∏° ‡∏°‡∏∑‡∏≠‡∏ñ‡∏∑‡∏≠‡πÄ‡∏û‡∏¥‡πà‡∏á‡∏ß‡∏≤‡∏á‡∏Ç‡∏≤‡∏¢ ‡∏ô‡∏±‡∏Å‡∏û‡∏±‡∏í‡∏ô‡∏≤‡πÄ‡∏Å‡∏°‡∏Å‡πá‡∏≠‡∏±‡∏õ‡πÄ‡∏î‡∏ï‡∏¢‡∏±‡∏á‡πÑ‡∏°‡πà‡∏ó‡∏±‡∏ô‡∏Å‡∏±‡∏ô ‡∏ó‡∏µ‡πà‡∏°‡∏±‡∏ô‡∏Å‡∏£‡∏∞‡∏ï‡∏∏‡∏Å‡∏ï‡πà‡∏≤‡∏á ‡πÜ ‡πÄ‡∏û‡∏£‡∏≤‡∏∞‡πÄ‡∏Å‡∏°‡∏°‡∏±‡∏ô‡∏¢‡∏±‡∏á‡πÑ‡∏°‡πà optimize ‡πÄ‡∏û‡∏∑‡πà‡∏≠‡πÉ‡∏´‡πâ‡∏£‡∏≠‡∏á‡∏£‡∏±‡∏ö‡∏ä‡∏¥‡∏õ‡πÉ‡∏´‡∏°‡πà‡∏ö‡∏ô iPhone 15 Pro ‡∏´‡∏£‡∏∑‡∏≠ 15 Pro Max","0"
"‡∏ô‡∏µ‡πà‡∏û‡∏≠‡πÉ‡∏à‡∏Å‡∏±‡∏ö‡∏™‡∏µ‡∏ö‡∏•‡∏π‡∏°‡∏≤‡∏Å ‡∏û‡∏≠‡∏°‡∏≤‡πÄ‡∏´‡πá‡∏ô‡∏™‡∏µ Natural ‡∏Ç‡∏≠‡∏á‡πÄ‡∏û‡∏∑‡πà‡∏≠‡∏ô‡∏Å‡πá‡∏Ñ‡∏∑‡∏≠‡∏î‡∏µ‡πÅ‡∏•‡πâ‡∏ß‡∏ó‡∏µ‡πà‡πÄ‡∏≠‡∏≤‡∏ö‡∏•‡∏π‡∏°‡∏≤","0"
"‡∏ï‡∏≠‡∏ô‡πÅ‡∏£‡∏Å‡∏•‡∏±‡∏á‡πÄ‡∏•‡∏°‡∏≤‡∏Å‡∏£‡∏∞‡∏´‡∏ß‡πà‡∏≤‡∏á iPhone 15 Pro Max ‡∏™‡∏µ Natural ‡∏Å‡∏±‡∏ö‡∏™‡∏µ White ‡πÄ‡∏´‡πá‡∏ô‡πÅ‡∏ï‡πà‡πÉ‡∏ô‡∏£‡∏π‡∏õ‡∏Å‡πá‡∏ä‡∏≠‡∏ö‡∏™‡∏µ Natural ‡∏ô‡∏∞ ‡πÅ‡∏ï‡πà‡∏™‡∏∏‡∏î‡∏ó‡πâ‡∏≤‡∏¢‡πÄ‡∏•‡∏∑‡∏≠‡∏Å‡∏™‡∏µ‡∏Ç‡∏≤‡∏ß‡πÄ‡∏û‡∏£‡∏≤‡∏∞‡∏ä‡∏≠‡∏ö‡∏™‡∏µ‡∏ô‡∏µ‡πâ‡∏°‡∏≤‡∏ï‡∏•‡∏≠‡∏î ‡∏°‡∏±‡∏ô‡∏Ñ‡∏•‡∏≤‡∏™‡∏™‡∏¥‡∏Ñ‡∏î‡∏µ ‡πÅ‡∏•‡∏∞‡∏à‡∏≤‡∏Å‡∏õ‡∏£‡∏∞‡∏™‡∏ö‡∏Å‡∏≤‡∏£‡∏ì‡πå‡∏Ñ‡∏∑‡∏≠‡πÄ‡∏Å‡∏•‡∏µ‡∏¢‡∏î‡∏™‡∏µ Space Gray ‡∏°‡∏≤‡∏Å","0"
"iphone 15 pro ‡πÉ‡∏ä‡πâ‡∏á‡∏≤‡∏ô‡πÄ‡∏•‡πà‡∏ô‡πÇ‡∏ã‡πÄ‡∏ä‡∏µ‡πà‡∏¢‡∏•‡∏ó‡∏±‡πà‡∏ß‡πÑ‡∏õ‡πÑ‡∏°‡πà‡∏°‡∏µ‡∏≠‡∏≤‡∏Å‡∏≤‡∏£‡∏£‡πâ‡∏≠‡∏ô‡πÄ‡∏•‡∏¢ ‡∏Ç‡∏ô‡∏≤‡∏î‡πÄ‡∏õ‡∏¥‡∏î 5 g ‡∏Å‡πá‡∏°‡∏µ‡∏≠‡∏∏‡πà‡∏ô‡∏Ç‡∏∂‡πâ‡∏ô‡∏°‡∏≤‡∏ö‡∏≤‡∏á‡∏ô‡∏¥‡∏î‡∏´‡∏ô‡πà‡∏≠‡∏¢‡πÅ‡∏Ñ‡πà‡∏ö‡∏≤‡∏á‡∏Ñ‡∏£‡∏±‡πâ‡∏á ‡πÅ‡∏ï‡πà‡∏Å‡πá‡πÑ‡∏°‡πà‡∏≠‡∏∏‡πà‡∏ô‡πÄ‡∏ó‡πà‡∏≤‡πÄ‡∏´‡∏°‡∏∑‡∏≠‡∏ô‡∏ï‡∏≠‡∏ô‡πÉ‡∏ä‡πâ iphone 13 pro max ‡πÅ‡∏ï‡πà‡∏ñ‡πâ‡∏≤‡πÄ‡∏•‡πà‡∏ô‡πÄ‡∏Å‡∏°‡∏™‡πå‡∏≠‡∏∏‡πà‡∏ô‡∏†‡∏π‡∏°‡∏¥‡∏à‡∏∞‡∏Ç‡∏∂‡πâ‡∏ô‡πÑ‡∏ß‡∏°‡∏≤‡∏Å ‡πÄ‡∏ä‡πà‡∏ô pubg 5555 ‡πÑ‡∏°‡πà‡∏£‡∏π‡πâ‡∏ß‡πà‡∏≤‡∏õ‡∏Å‡∏ï‡∏¥‡πÑ‡∏´‡∏° ‡πÄ‡∏û‡∏£‡∏≤‡∏∞‡πÅ‡∏ó‡∏ö‡∏à‡∏∞‡πÑ‡∏°‡πà‡πÑ‡∏î‡πâ‡πÄ‡∏•‡πà‡∏ô‡πÄ‡∏Å‡∏°‡∏™‡πå‡∏ö‡∏ô‡∏°‡∏∑‡∏≠‡∏ñ‡∏∑‡∏≠‡πÄ‡∏•‡∏¢","0"
"‡πÉ‡∏ä‡πâ 15 pro ‡∏°‡∏≤‡πÄ‡∏´‡∏°‡∏∑‡∏≠‡∏ô‡∏Å‡∏±‡∏ô‡∏Å‡πá‡πÅ‡∏ö‡∏ï‡∏≠‡∏∂‡∏î‡∏î‡∏µ ‡πÅ‡∏ï‡πà‡∏≠‡∏≤‡∏à‡πÄ‡∏û‡∏£‡∏≤‡∏∞‡∏ú‡∏°‡πÑ‡∏°‡πà‡πÄ‡∏•‡πà‡∏ô‡πÄ‡∏Å‡∏°‡πÄ‡∏•‡∏¢‡∏î‡πâ‡∏ß‡∏¢555 ‡∏™‡πà‡∏ß‡∏ô‡∏Å‡∏•‡πâ‡∏≠‡∏á‡πÄ‡∏õ‡∏¥‡∏î‡πÅ‡∏õ‡∏õ‡πÄ‡∏î‡∏µ‡∏¢‡∏ß‡∏Å‡πá‡∏£‡πâ‡∏≠‡∏ô‡πÅ‡∏•‡πâ‡∏ß","0"
"‡∏¢‡∏≠‡∏°‡∏≠‡∏±‡∏û‡∏°‡∏≤ Max ‡πÄ‡∏û‡∏£‡∏≤‡∏∞‡∏ü‡∏±‡∏á‡∏Å‡πå‡∏ä‡∏±‡πà‡∏ô‡∏Å‡∏•‡πâ‡∏≠‡∏á‡∏ó‡∏µ‡πà‡∏ã‡∏π‡∏°‡πÑ‡∏Å‡∏•‡∏Å‡∏ß‡πà‡∏≤ (5x)","0"
"‡∏£‡∏π‡πâ‡∏™‡∏∂‡∏Å‡∏î‡∏≥‡∏Ç‡∏≠‡∏á 15 ‡∏ò‡∏£‡∏£‡∏°‡∏î‡∏≤ ‡∏™‡∏ß‡∏¢‡∏Å‡∏ß‡πà‡∏≤‡πÅ‡∏´‡∏∞","0"
"‡πÄ‡∏≠‡∏≤‡∏à‡∏£‡∏¥‡∏á 15 ‡∏ò‡∏£‡∏£‡∏°‡∏î‡∏≤‡∏Å‡πá‡∏û‡∏≠‡∏•‡∏∞","0"
"‡πÅ‡∏ö‡∏ï‡πÑ‡∏°‡πà‡∏´‡∏°‡∏î‡πÑ‡∏ß‡∏ô‡∏∞‡∏Ñ‡∏±‡∏ö ‡πÅ‡∏ï‡πà‡∏ñ‡πâ‡∏≤‡πÇ‡∏ó‡∏£‡∏Ñ‡∏∏‡∏¢‡∏ô‡∏≤‡∏ô‡πÜ ‡πÄ‡∏Ñ‡∏£‡∏∑‡πà‡∏≠‡∏á‡∏£‡πâ‡∏≠‡∏ô‡∏à‡∏¥‡∏á‡πÜ ‡∏Ñ‡∏±‡∏ö","0"
"‡πÄ‡∏´‡πá‡∏ô‡∏£‡∏≤‡∏Ñ‡∏≤‡∏ö‡∏±‡∏ï‡∏£‡πÅ‡∏•‡πâ‡∏ß ‡∏à‡∏≤‡∏Å pm ‡πÄ‡∏´‡∏•‡∏∑‡∏≠ 15 ‡∏ò‡∏£‡∏£‡∏°‡∏î‡∏≤‡∏Å‡πá‡πÑ‡∏î‡πâ","0"
"15‡∏û‡∏•‡∏±‡∏™ ‡πÑ‡∏î‡πâ‡πÅ‡∏ö‡∏ï‡πÄ‡∏¢‡∏≠‡∏∞‡∏Å‡∏ß‡πà‡∏≤15 ‡πÇ‡∏õ‡∏£‡πÅ‡∏°‡πâ‡∏Å‡∏≠‡∏µ‡∏Å‡∏≠‡∏∞","0"
"‡πÑ‡∏°‡πà‡∏ï‡πâ‡∏≠‡∏á‡∏ã‡∏∑‡πâ‡∏≠ ‡∏ï‡πà‡∏≠‡πÉ‡∏´‡πâ‡πÄ‡∏£‡∏≤‡πÑ‡∏°‡πà‡∏ã‡∏∑‡πâ‡∏≠ ‡∏ö‡∏£‡∏¥‡∏©‡∏±‡∏ó‡πÄ‡∏Ç‡∏≤‡∏Å‡πá‡∏Ç‡∏≤‡∏¢‡∏î‡∏µ‡∏≠‡∏¢‡∏π‡πà‡πÅ‡∏•‡πâ‡∏ß ‡πÑ‡∏≠‡πÇ‡∏ü‡∏ô‡∏Ñ‡∏∑‡∏≠‡∏°‡∏∑‡∏≠‡∏ñ‡∏∑‡∏≠‡∏ó‡∏µ‡πà‡∏Ç‡∏≤‡∏¢‡∏î‡∏µ‡∏ó‡∏µ‡πà‡∏™‡∏∏‡∏î‡πÉ‡∏ô‡∏ï‡∏•‡∏≤‡∏î‡πÇ‡∏•‡∏Å‡∏≠‡∏±‡∏ô‡∏î‡∏±‡∏ö1-10‡πÑ‡∏≠‡πÇ‡∏ü‡∏ô‡πÄ‡∏´‡∏°‡∏≤‡∏´‡∏°‡∏î.","0"
"‡πÄ‡∏Ñ‡πâ‡∏≤‡∏ó‡∏≥‡πÄ‡∏û‡∏∑‡πà‡∏≠‡∏£‡∏≠‡∏á‡∏£‡∏±‡∏ö‡πÄ‡∏Å‡∏°‡∏°‡∏∑‡∏≠‡∏ñ‡∏∑‡∏≠‡∏ó‡∏µ‡πà‡∏à‡∏∞‡πÉ‡∏ä‡πâ‡∏ó‡∏£‡∏±‡∏û‡∏¢‡∏≤‡∏Å‡∏£‡∏°‡∏≤‡∏Å‡∏Ç‡∏∂‡πâ‡∏ô‡πÉ‡∏ô‡∏≠‡∏ô‡∏≤‡∏Ñ‡∏ï‡∏Ñ‡∏£‡∏±‡∏ö ‡πÄ‡∏Ñ‡πâ‡∏≤‡πÑ‡∏°‡πà‡πÑ‡∏î‡πâ‡∏Ñ‡∏¥‡∏î‡∏à‡∏∞‡∏°‡∏≤‡πÅ‡∏Ç‡πà‡∏á‡∏Å‡∏±‡∏ö‡πÄ‡∏Å‡∏°‡πÉ‡∏ô‡∏Ñ‡∏≠‡∏°‡∏à‡∏£‡∏¥‡∏á‡πÜ‡∏´‡∏£‡∏≠‡∏Å","0"
"‡∏ú‡∏°‡∏ß‡πà‡∏≤‡∏Ñ‡∏ô‡∏ó‡∏µ‡πà‡∏ã‡∏∑‡πâ‡∏≠ iphone 15 ‡∏™‡πà‡∏ß‡∏ô‡πÉ‡∏´‡∏ç‡πà ‡∏Ñ‡∏∑‡∏≠‡πÑ‡∏°‡πà‡πÑ‡∏î‡πâ‡∏°‡∏µ‡∏õ‡∏±‡∏ç‡∏´‡∏≤‡∏Å‡∏±‡∏ö‡∏™‡∏¥‡πà‡∏á‡∏ó‡∏µ‡πà apple ‡∏Å‡∏±‡∏Å ‡πÄ‡∏ä‡πà‡∏ô ‡∏à‡∏≠ 60 hz ‡∏Å‡πá‡πÑ‡∏°‡πà‡πÑ‡∏î‡πâ‡∏°‡∏µ‡∏õ‡∏±‡∏ç‡∏´‡∏≤‡πÄ‡∏û‡∏£‡∏≤‡∏∞‡πÑ‡∏°‡πà‡πÑ‡∏î‡πâ‡πÄ‡∏•‡πà‡∏ô‡πÄ‡∏Å‡∏° ‡πÅ‡∏•‡πâ‡∏ß‡∏Å‡πá‡πÄ‡∏Ñ‡∏¢‡πÉ‡∏ä‡πâ‡πÅ‡∏ï‡πà 60 hz ‡∏°‡∏≤‡∏Å‡πà‡∏≠‡∏ô , usb-c ‡∏õ‡∏Å‡∏ï‡∏¥‡πÉ‡∏ä‡πâ‡πÅ‡∏ï‡πà‡∏ä‡∏≤‡∏£‡πå‡∏ï ‡πÑ‡∏°‡πà‡πÄ‡∏Ñ‡∏¢‡πÉ‡∏ä‡πâ‡πÇ‡∏≠‡∏ô‡∏Ç‡πâ‡∏≠‡∏°‡∏π‡∏•‡πÄ‡∏Ç‡πâ‡∏≤‡∏Ñ‡∏≠‡∏° ‡∏Å‡πá usb c 2 ‡∏Å‡πá‡∏û‡∏≠","0"
"‡∏Å‡∏≤‡∏£‡∏Ñ‡∏£‡∏≠‡∏õ‡∏ó‡∏±‡πà‡∏ß‡πÜ ‡πÑ‡∏õ  ‡∏Ñ‡∏ß‡∏≤‡∏°‡∏•‡∏∞‡πÄ‡∏≠‡∏µ‡∏¢‡∏î‡∏Ç‡∏≠‡∏á‡∏†‡∏≤‡∏û‡∏à‡∏∞‡∏•‡∏î‡∏•‡∏á   ‡πÅ‡∏ï‡πàIphone ‡∏Å‡∏≥‡∏•‡∏±‡∏á‡πÄ‡∏õ‡∏•‡∏µ‡πà‡∏¢‡∏ô‡∏ß‡∏á‡∏Å‡∏≤‡∏£‡∏Å‡∏•‡πâ‡∏≠‡∏á‡πÇ‡∏î‡∏¢‡∏Å‡∏≤‡∏£‡∏Ñ‡∏£‡∏≠‡∏õ‡∏ó‡∏µ‡πà‡∏Ñ‡∏ß‡∏≤‡∏°‡∏•‡∏∞‡πÄ‡∏≠‡∏µ‡∏¢‡∏î‡∏¢‡∏±‡∏á‡πÄ‡∏ó‡πà‡∏≤‡πÄ‡∏î‡∏¥‡∏°  (‡∏ú‡∏°‡∏ß‡πà‡∏≤‡∏ó‡∏¥‡∏°‡∏â‡∏•‡∏≤‡∏î‡∏ï‡∏£‡∏á‡∏ô‡∏µ‡πâ‡πÅ‡∏´‡∏•‡∏∞‡∏Ñ‡∏£‡∏±‡∏ö  ‡∏û‡∏µ‡πà‡∏à‡πã‡∏≤‡∏≤‡∏≤) 
‡πÅ‡∏•‡∏∞‡∏Å‡∏≤‡∏£ turn ‡∏Å‡∏≤‡∏£‡∏à‡∏±‡∏î‡πÄ‡∏£‡∏∑‡πà‡∏≠‡∏á‡∏û‡∏¥‡πÄ‡∏ã‡∏•‡∏≠‡∏µ‡∏Å ‡πÅ‡∏õ‡∏•‡∏Å‡πÅ‡∏ï‡∏Å‡πÅ‡∏¢‡∏Å‡πÑ‡∏õ‡∏≠‡∏µ‡∏Å  ‡∏ó‡∏¥‡∏°‡∏Å‡∏≥‡∏•‡∏±‡∏á‡∏™‡∏£‡πâ‡∏≤‡∏á‡∏°‡∏≤‡∏ï‡∏£‡∏ê‡∏≤‡∏ô‡∏Å‡∏•‡πâ‡∏≠‡∏á‡πÉ‡∏´‡πâ‡∏Å‡∏±‡∏ö‡∏ï‡∏±‡∏ß‡πÄ‡∏≠‡∏á","0"
"Apple ‡πÉ‡∏ä‡πâ‡πÑ‡∏ó‡πÄ‡∏ó ‡πÄ‡∏û‡∏∑‡πà‡∏≠‡∏Ñ‡∏ß‡∏≤‡∏°‡πÅ‡∏Ç‡πá‡∏á‡πÅ‡∏£‡∏á ‡∏ó‡∏ô‡∏ó‡∏≤‡∏ô ‡∏ï‡∏≤‡∏°‡∏ó‡∏µ‡πà‡πÄ‡∏Ñ‡∏•‡∏°‡πÑ‡∏ß‡πâ ‡πÑ‡∏°‡πà‡πÑ‡∏î‡πâ‡∏ö‡∏≠‡∏Å‡∏ß‡πà‡∏≤‡∏£‡∏∞‡∏ö‡∏≤‡∏¢‡∏Ñ‡∏ß‡∏≤‡∏°‡∏£‡πâ‡∏≠‡∏ô‡πÑ‡∏î‡πâ‡∏î‡∏µ ‡∏ñ‡πâ‡∏≤ ‡πÑ‡∏ó‡πÄ‡∏ó ‡∏£‡∏∞‡∏ö‡∏≤‡∏¢‡∏Ñ‡∏ß‡∏≤‡∏°‡∏£‡πâ‡∏≠‡∏ô‡πÑ‡∏î‡πâ‡∏î‡∏µ Apple  ‡∏à‡∏∞‡πÄ‡∏Ñ‡∏•‡∏°‡∏ß‡πà‡∏≤ ‡∏ô‡∏µ‡πà‡∏Ñ‡∏∑‡∏≠iPhone ‡∏ó‡∏µ‡πà‡∏£‡∏∞‡∏ö‡∏≤‡∏¢‡∏Ñ‡∏ß‡∏≤‡∏°‡∏£‡πâ‡∏≠‡∏ô‡πÑ‡∏î‡πâ‡∏î‡∏µ‡∏ó‡∏µ‡πà‡∏™‡∏∏‡∏î ‡πÄ‡∏ó‡πà‡∏≤‡∏ó‡∏µ‡πà‡πÄ‡∏Ñ‡∏¢‡∏°‡∏µ‡∏°‡∏≤","0"
"‡∏£‡∏∏‡πà‡∏ô‡∏ò‡∏£‡∏£‡∏°‡∏î‡∏≤‡∏ô‡πà‡∏≤‡∏à‡∏∞‡∏Ç‡∏≤‡∏¢‡∏î‡∏µ‡∏Å‡∏ß‡πà‡∏≤‡∏£‡∏∏‡πà‡∏ô‡πÇ‡∏õ‡∏£‡∏ô‡∏∞ ‡∏ä‡∏¥‡∏õ‡∏Å‡πá‡πÑ‡∏°‡πà‡∏°‡∏µ‡∏õ‡∏±‡∏ç‡∏´‡∏≤","0"
"14 ‡πÑ‡∏õ 15 ‡∏Ñ‡∏á‡πÄ‡∏â‡∏¢‡πÜ‡∏Ñ‡∏£‡∏±‡∏ö ‡πÅ‡∏ï‡πà‡∏°‡∏±‡∏ô‡∏ß‡πâ‡∏≤‡∏ß‡πÅ‡∏•‡∏∞‡∏î‡∏µ‡∏™‡∏≥‡∏´‡∏£‡∏±‡∏ö‡∏Ñ‡∏ô‡∏ó‡∏µ‡πà‡πÉ‡∏ä‡πâ11 12 13 pm ‡πÅ‡∏•‡πâ‡∏ß‡∏≠‡∏¢‡∏≤‡∏Å‡∏à‡∏∞‡πÄ‡∏õ‡∏•‡∏µ‡πà‡∏¢‡∏ô","0"
"A17Pro ‡∏°‡∏±‡∏ô‡∏£‡πâ‡∏≠‡∏ô‡∏ô‡πâ‡∏≠‡∏¢‡∏Å‡∏ß‡πà‡∏≤ A16 Bionic ‡∏≠‡∏¢‡∏π‡πà‡∏ô‡∏∞‡πÄ‡∏´‡πá‡∏ô‡∏ä‡πà‡∏≠‡∏á‡∏ô‡∏∂‡∏á‡πÄ‡∏ó‡∏™‡∏Ñ‡∏ß‡∏≤‡∏°‡∏£‡πâ‡∏≠‡∏ô‡∏†‡∏≤‡∏¢‡πÉ‡∏ô ‡πÅ‡∏ï‡πà‡πÄ‡∏û‡∏£‡∏≤‡∏∞‡πÑ‡∏ó‡πÄ‡∏ó‡πÄ‡∏ô‡∏µ‡∏¢‡∏°‡∏°‡∏±‡∏ô‡πÄ‡∏•‡∏¢‡πÑ‡∏°‡πà‡∏£‡∏∞‡∏ö‡∏≤‡∏¢‡∏≠‡∏≠‡∏Å ‡∏™‡∏£‡∏∏‡∏õ‡∏Ñ‡∏∑‡∏≠‡∏ä‡∏¥‡∏û‡∏î‡∏µ‡πÅ‡∏ï‡πà‡∏ß‡∏±‡∏™‡∏î‡∏∏‡∏≠‡∏°‡∏Ñ‡∏ß‡∏≤‡∏°‡∏£‡πâ‡∏≠‡∏ô‡πÑ‡∏õ‡∏´‡∏ô‡πà‡∏≠‡∏¢","0"
"14 ‡πÑ‡∏õ 15 ‡∏Ñ‡∏ß‡∏≤‡∏°‡∏Ñ‡∏∏‡πâ‡∏°‡∏≠‡∏¢‡∏π‡πà‡∏ó‡∏µ‡πà‡∏Ñ‡∏ô‡πÄ‡∏•‡∏¢‡πÄ‡∏û‡∏£‡∏≤‡∏∞‡πÑ‡∏î‡πâ usb-c ‡πÅ‡∏ï‡πà‡∏ñ‡πâ‡∏≤ 6-13 ‡πÑ‡∏õ 15 ‡∏Ñ‡∏∏‡πâ‡∏°‡πÅ‡∏ô‡πà‡∏ô‡∏≠‡∏ô","0"
"‡∏ú‡∏°‡∏ü‡∏±‡∏á‡∏à‡∏ö ‡πÄ‡∏´‡πá‡∏ô‡∏î‡πâ‡∏ß‡∏¢‡πÄ‡∏•‡∏¢ ‡πÅ‡∏•‡∏∞‡∏ï‡πâ‡∏≠‡∏á‡πÉ‡∏ä‡πâ‡∏°‡∏±‡∏ô‡∏™‡∏±‡∏Å‡∏û‡∏±‡∏Å‡∏¢‡∏±‡∏á‡∏à‡∏∞‡∏ä‡∏¥‡∏ô‡∏Å‡∏±‡∏ö‡∏à‡∏≠ 60hz","0"
"‡∏ß‡∏±‡∏™‡∏î‡∏∏‡πÑ‡∏ó‡πÄ‡∏ó‡πÄ‡∏ô‡∏µ‡∏¢‡∏° ‡∏°‡∏µ‡∏Ç‡πâ‡∏≠‡∏î‡∏µ ‡∏Ñ‡∏∑‡∏≠‡∏ô‡πâ‡∏≥‡∏´‡∏ô‡∏±‡∏Å‡πÄ‡∏ö‡∏ó ‡πÅ‡∏ï‡πà‡∏Ç‡πâ‡∏≠‡πÄ‡∏™‡∏µ‡∏¢‡∏Ñ‡∏∑‡∏≠ ‡∏£‡∏∞‡∏ö‡∏≤‡∏¢‡∏Ñ‡∏ß‡∏≤‡∏°‡∏£‡πâ‡∏≠‡∏ô‡∏ä‡πâ‡∏≤ ‡∏ó‡∏∏‡∏Å‡∏≠‡∏¢‡πà‡∏≤‡∏á‡∏°‡∏µ‡∏Ç‡πâ‡∏≠‡∏î‡∏µ ‡∏Ç‡πâ‡∏≠‡∏î‡πâ‡∏≠‡∏¢ ‡∏ô‡∏∞‡∏Ñ‡∏£‡∏±‡∏ö ‡∏™‡πà‡∏ß‡∏ô‡∏ï‡∏±‡∏ß 15PM ‡πÉ‡∏ä‡πâ‡∏á‡∏≤‡∏ô‡∏õ‡∏Å‡∏ï‡∏¥ ‡πÄ‡∏â‡∏¢‡πÜ ‡πÑ‡∏°‡πà‡∏£‡πâ‡∏≠‡∏ô‡∏Ñ‡∏£‡∏±‡∏ö","0"
"‡πÉ‡∏Ñ‡∏£‡∏≠‡∏¢‡∏≤‡∏Å‡∏ã‡∏∑‡πâ‡∏≠‡∏Å‡πá‡∏õ‡∏•‡πà‡∏≠‡∏¢‡πÄ‡∏Ñ‡πâ‡∏≤‡πÑ‡∏õ ‡∏™‡πà‡∏ß‡∏ô‡πÉ‡∏Ñ‡∏£‡πÑ‡∏°‡πà‡∏ä‡∏≠‡∏ö‡∏Å‡πá‡πÑ‡∏°‡πà‡πÄ‡∏´‡πá‡∏ô‡∏à‡∏∞‡πÄ‡∏õ‡πá‡∏ô‡∏≠‡∏∞‡πÑ‡∏£","0"
"‡∏î‡∏µ‡πÑ‡∏°‡πà‡∏î‡∏µ‡∏≠‡∏¢‡∏π‡πà‡∏ó‡∏µ‡πà‡πÑ‡∏•‡∏ü‡πå‡∏™‡πÑ‡∏ï‡∏•‡πå‡∏Ç‡∏≠‡∏á‡∏ï‡∏±‡∏ß‡πÄ‡∏≠‡∏á ‡∏à‡∏∞‡∏£‡∏µ‡∏ß‡∏¥‡∏ß‡πÄ‡∏£‡∏µ‡∏¢‡∏• ‡πÑ‡∏°‡πà‡πÄ‡∏£‡∏µ‡∏¢‡∏• ‡∏ä‡πà‡∏≤‡∏á‡πÅ‡∏°‡πà‡∏á‡πÄ‡∏´‡∏≠‡∏∞ ‡∏û‡∏≠‡πÉ‡∏à‡∏ã‡∏∑‡πâ‡∏≠ ‡∏°‡∏µ‡πÄ‡∏á‡∏¥‡∏ô‡∏ã‡∏∑‡πâ‡∏≠ ‡∏à‡∏ö‡∏ß‡πà‡∏∞","0"
"‡πÉ‡∏ä‡πâ 13 pro ‡∏ï‡πà‡∏≠‡πÑ‡∏õ‡∏Ñ‡∏£‡∏±‡∏ö‡πÄ‡∏û‡∏£‡∏≤‡∏∞‡∏°‡∏±‡∏ô‡∏¢‡∏±‡∏á‡πÑ‡∏°‡πà‡∏û‡∏±‡∏á‡πÑ‡∏°‡πà‡πÄ‡∏Ñ‡∏¢‡∏à‡∏≠‡πÄ‡∏Ç‡∏µ‡∏¢‡∏ß‡πÑ‡∏°‡πà‡πÄ‡∏Ñ‡∏¢‡πÄ‡∏à‡∏≠‡∏≠‡∏∞‡πÑ‡∏£‡πÅ‡∏ö‡∏ö‡∏ó‡∏µ‡πà‡πÄ‡∏Ç‡∏≤‡πÄ‡∏à‡∏≠‡∏Å‡∏±‡∏ô‡πÄ‡∏•‡∏¢ ‡πÉ‡∏ä‡πâ‡∏ñ‡∏ô‡∏≠‡∏°‡∏™‡∏∏‡∏î‡πÜ‡∏Ñ‡∏£‡∏±‡∏ö","0"
"14 pro ‡∏ú‡∏°‡∏¢‡∏±‡∏á‡∏£‡∏π‡πâ‡∏™‡∏∂‡∏Å‡∏ß‡πà‡∏≤‡∏°‡∏±‡∏ô‡∏¢‡∏±‡∏á‡πÑ‡∏´‡∏ß‡∏≠‡∏¢‡∏π‡πà‡∏≠‡πà‡∏∞‡∏õ‡∏µ‡∏ô‡∏µ‡πâ‡∏Ñ‡∏á‡πÑ‡∏°‡πà‡πÄ‡∏õ‡∏•‡∏µ‡πà‡∏¢‡∏ô‡∏¢‡∏±‡∏á‡πÑ‡∏°‡πà‡∏£‡∏π‡πâ‡∏™‡∏∂‡∏Å‡∏ß‡πà‡∏≤‡∏°‡∏±‡∏ô‡∏à‡∏≥‡πÄ‡∏õ‡πá‡∏ô‡∏™‡∏≥‡∏´‡∏£‡∏±‡∏ö‡∏ú‡∏° ‡πÅ‡∏ï‡πà‡∏Å‡πá‡πÅ‡∏•‡πâ‡∏ß‡πÅ‡∏ï‡πà‡∏Ñ‡∏ô‡∏ó‡∏µ‡πà‡∏°‡∏µ‡∏Å‡∏≥‡∏•‡∏±‡∏á‡∏ã‡∏∑‡πâ‡∏≠‡∏≠‡πà‡∏∞‡∏ñ‡πâ‡∏≤‡∏Ñ‡∏∏‡∏ì‡∏û‡∏≠‡πÉ‡∏à‡∏Å‡∏±‡∏ö‡∏™‡∏¥‡πà‡∏á‡πÉ‡∏´‡∏°‡πà‡πÜ‡∏ó‡∏µ‡πàApple‡πÄ‡∏Ñ‡πâ‡∏≤‡πÉ‡∏´‡πâ‡∏Ñ‡∏∏‡∏ì‡πÅ‡∏•‡πâ‡∏ß‡∏°‡∏µ‡∏Å‡∏≥‡∏•‡∏±‡∏á‡∏ã‡∏∑‡πâ‡∏≠‡∏Å‡πá‡∏à‡∏±‡∏î‡πÄ‡∏•‡∏¢‡∏Ñ‡∏£‡∏±‡∏öüòÇüòÇüòÇüòÇ","0"
"‡∏Ñ‡∏ß‡∏≤‡∏°‡πÅ‡∏£‡∏á‡∏Å‡∏±‡∏ö‡∏Ñ‡∏ß‡∏≤‡∏°‡∏£‡πâ‡∏≠‡∏ô‡∏°‡∏±‡∏ô‡∏Ç‡∏≠‡∏á‡∏Ñ‡∏π‡πà‡∏Å‡∏±‡∏ô‡∏≠‡∏¢‡∏π‡πà‡πÅ‡∏•‡πâ‡∏ß‡∏Ñ‡∏£‡∏±‡∏öüòä","0"
"‡∏à‡∏≤‡∏Å 12pro ‡∏°‡∏≤ 15 ‡πÄ‡∏´‡πá‡∏ô‡∏î‡πâ‡∏ß‡∏¢‡∏°‡∏≤‡∏Å‡πÜ‡πÄ‡∏£‡∏∑‡πà‡∏≠‡∏á‡∏•‡∏≥‡πÇ‡∏û‡∏á‡∏Ñ‡∏£‡∏±‡∏ö ‡∏Ñ‡∏∑‡∏≠‡∏£‡∏π‡πâ‡∏™‡∏∂‡∏Å‡πÑ‡∏î‡πâ‡∏ï‡∏±‡πâ‡∏á‡πÅ‡∏ï‡πà‡∏ß‡∏±‡∏ô‡πÅ‡∏£‡∏Å‡∏ó‡∏µ‡πà‡πÄ‡∏≠‡∏≤‡∏°‡∏≤‡πÉ‡∏ä‡πâ‡πÄ‡∏•‡∏¢ ‡∏î‡∏±‡∏á‡∏Ç‡∏∂‡πâ‡∏ô ‡∏°‡∏¥‡∏ï‡∏¥‡πÄ‡∏™‡∏µ‡∏¢‡∏á‡∏î‡∏µ‡∏Ç‡∏∂‡πâ‡∏ô ‡∏ä‡∏±‡∏î‡πÄ‡∏à‡∏ô ‡∏à‡∏≠‡∏™‡∏ß‡πà‡∏≤‡∏á‡∏Ç‡∏∂‡πâ‡∏ô‡∏°‡∏≤‡∏Å‡πÜ ‡πÅ‡∏ï‡πà‡πÄ‡∏£‡∏∑‡πà‡∏≠‡∏á‡∏£‡∏µ‡πÄ‡∏ü‡∏£‡∏ä‡πÄ‡∏£‡∏ó ‡πÄ‡∏â‡∏¢‡πÜ‡πÑ‡∏°‡πà‡∏£‡∏π‡πâ‡∏™‡∏∂‡∏Å‡∏Ñ‡∏£‡∏±‡∏ö ‡πÄ‡∏û‡∏£‡∏≤‡∏∞‡πÄ‡∏Ñ‡∏£‡∏∑‡πà‡∏≠‡∏á‡πÄ‡∏Å‡πà‡∏≤‡∏°‡∏±‡∏ô‡∏Å‡πá 60hz ‡πÄ‡∏•‡∏¢‡πÑ‡∏°‡πà‡∏≠‡∏∂‡∏î‡∏≠‡∏±‡∏î‡∏≠‡∏∞‡πÑ‡∏£ 555 ‡∏≠‡∏µ‡∏Å‡πÄ‡∏£‡∏∑‡πà‡∏≠‡∏á‡∏Ñ‡∏∑‡∏≠ 15 ‡πÄ‡∏Ñ‡∏£‡∏∑‡πà‡∏≠‡∏á‡πÑ‡∏°‡πà‡∏£‡πâ‡∏≠‡∏ô‡πÄ‡∏•‡∏¢‡∏Ñ‡∏£‡∏±‡∏ö ‡∏û‡∏≠‡∏ä‡∏≤‡∏£‡πå‡∏à‡πÅ‡∏ö‡∏ï ‡πÄ‡∏ß‡∏•‡∏≤‡πÉ‡∏ô‡∏Å‡∏≤‡∏£‡∏ä‡∏≤‡∏£‡πå‡∏à‡πÑ‡∏õ‡∏î‡∏≠‡∏á‡∏ó‡∏µ‡πà 80% ‡πÄ‡∏•‡∏¢‡∏ô‡πâ‡∏≠‡∏¢‡∏ï‡∏≤‡∏°‡πÑ‡∏õ‡∏î‡πâ‡∏ß‡∏¢ ‡∏≠‡∏±‡∏ô‡∏ô‡∏µ‡πâ‡∏ä‡∏≠‡∏ö‡∏°‡∏≤‡∏Å‡∏Ñ‡∏£‡∏±‡∏ö","0"
"‡∏¢‡∏∑‡∏ô‡∏¢‡∏±‡∏ô‡∏≠‡∏µ‡∏Å‡πÄ‡∏™‡∏µ‡∏¢‡∏á‡∏Ñ‡∏±‡∏ö rov 60‡πÄ‡∏ü‡∏£‡∏°‡πÑ‡∏°‡πà‡πÄ‡∏Ñ‡∏¢‡∏ï‡∏Å‡πÄ‡∏•‡∏¢‡∏ã‡∏∑‡πâ‡∏≠‡∏°‡∏≤6 ‡∏ß‡∏±‡∏ô‡πÄ‡∏•‡πà‡∏ô‡πÄ‡∏Å‡∏°‡∏ó‡∏∏‡∏Å‡∏ß‡∏±‡∏ô‡∏ß‡∏±‡∏ô‡∏•‡∏∞2-3 ‡∏ä‡∏±‡πà‡∏ß‡πÇ‡∏°‡∏á üòÇüòÇüòÇ ‡∏•‡∏≥‡πÇ‡∏û‡∏á‡∏Å‡πá‡∏¢‡∏∑‡∏ô‡∏¢‡∏±‡∏ô‡∏≠‡∏µ‡∏Å‡πÄ‡∏™‡∏µ‡∏¢‡∏á‡∏Ñ‡∏±‡∏ö ‡πÄ‡∏™‡∏µ‡∏¢‡∏á‡∏•‡∏≥‡πÇ‡∏û‡∏á‡πÄ‡∏´‡∏°‡∏∑‡∏≠‡∏ô‡πÇ‡∏î‡∏ô‡∏õ‡∏£‡∏±‡∏ö‡∏°‡∏≤‡πÉ‡∏´‡∏°‡πà ‡πÄ‡∏ß‡∏•‡∏≤‡πÄ‡∏õ‡∏¥‡∏î‡πÄ‡∏û‡∏•‡∏á‡∏´‡∏£‡∏∑‡∏≠‡πÄ‡∏õ‡∏¥‡∏î‡∏´‡∏ô‡∏±‡∏á‡∏ó‡∏µ‡πà‡πÄ‡∏õ‡πá‡∏ô‡∏£‡∏∞‡∏ö‡∏ö dolby ‡∏Ñ‡∏∑‡∏≠‡∏£‡∏π‡πâ‡∏™‡∏∂‡∏Å‡∏ß‡πà‡∏≤‡πÄ‡∏™‡∏µ‡∏¢‡∏á‡∏°‡∏±‡∏ô‡∏î‡∏µ‡∏≠‡∏∞ ‡∏ï‡∏≠‡∏ô‡πÅ‡∏£‡∏Å‡∏ú‡∏°‡∏Ñ‡∏¥‡∏î‡∏ß‡πà‡∏≤‡∏Ñ‡∏¥‡∏î‡πÑ‡∏õ‡πÄ‡∏≠‡∏á‡∏™‡∏∞‡∏≠‡∏µ‡∏ÅüòÇüòÇüòÇüòÇ","0"
"‡∏°‡∏±‡∏ô‡∏î‡∏µ‡∏Ñ‡πà‡∏∞ ‡∏ñ‡πà‡∏≤‡∏¢‡∏Å‡∏•‡πâ‡∏≠‡∏á‡∏ï‡∏±‡∏ß‡∏ò‡∏£‡∏£‡∏°‡∏î‡∏≤ ‡∏Ñ‡∏∑‡∏≠‡∏ä‡∏±‡∏î‡∏à‡∏∂‡πâ‡∏á ‡∏ß‡πà‡∏≤‡πÑ‡∏°‡πà‡πÑ‡∏î‡πâ‡∏ô‡∏∞","0"
"‡πÑ‡∏õ‡∏à‡∏±‡∏î‡∏°‡∏≤‡πÅ‡∏•‡πâ‡∏ß‡∏Ñ‡∏£‡∏±‡∏ö ‡∏™‡∏µ‡∏ä‡∏°‡∏û‡∏π ‡∏ô‡πà‡∏≤‡∏£‡∏±‡∏Å‡∏°‡∏≤‡∏Å‡∏Å‡∏Å‡∏Å‡∏Å‡∏Å‡∏Å‡∏Å‡∏Å‡∏Å ‡∏ô‡πà‡∏≤‡∏£‡∏±‡∏Å‡∏ó‡∏µ‡πà‡∏™‡∏∏‡∏î‡πÉ‡∏ô‡∏ö‡∏£‡∏£‡∏î‡∏≤‡∏™‡∏µ‡∏ä‡∏°‡∏û‡∏π‡πÄ‡∏•‡∏¢ ‡∏ä‡∏≠‡∏ö‡∏°‡∏≤‡∏Å","0"
"‡∏™‡∏µ‡∏ä‡∏°‡∏û‡∏π‡∏Å‡∏±‡∏ö‡∏™‡∏µ‡πÄ‡∏Ç‡∏µ‡∏¢‡∏ß‡∏ó‡∏≥‡πÉ‡∏à‡∏™‡∏±‡πà‡∏ô‡∏°‡∏≤‡∏Å‡∏™‡∏ß‡∏¢‡∏¢‡∏¢‡∏¢‡∏¢‡∏¢‡∏ï‡∏∞‡πÇ‡∏Å‡∏ô","0"
"‡∏à‡∏±‡∏î‡∏ô‡πâ‡∏≠‡∏á‡∏ä‡∏°‡∏û‡∏π‡∏°‡∏≤ ‡∏£‡∏±‡∏Å‡∏ô‡πâ‡∏≠‡∏á‡∏°‡∏≤‡∏Å‡∏Ñ‡πà‡∏∞ ‡πÅ‡∏ö‡∏ï‡∏≠‡∏∂‡∏î ‡∏Å‡∏•‡πâ‡∏≠‡∏á‡∏™‡∏ß‡∏¢ ‡∏ô‡πâ‡∏≠‡∏á‡∏™‡∏ß‡∏¢‡∏°‡∏≤‡∏Å‡∏Å‡∏Å","0"
"‡∏ú‡∏°‡πÉ‡∏ä‡πâ‡πÅ‡∏ï‡πà‡∏°‡∏∑‡∏≠‡∏ñ‡∏∑‡∏≠‡∏´‡∏ô‡πâ‡∏≤‡∏à‡∏≠ 60hz. ‡∏°‡∏≤‡∏ï‡∏•‡∏≠‡∏î ‡∏ï‡∏±‡πâ‡∏á‡πÅ‡∏ï‡πà‡∏°‡∏∑‡∏≠‡∏ñ‡∏∑‡∏≠‡πÅ‡∏≠‡∏ô‡∏î‡∏£‡∏≠‡∏¢‡∏î‡πå ‡πÅ‡∏•‡πâ‡∏ß‡∏Å‡πá‡∏°‡∏≤‡πÄ‡∏£‡∏¥‡πà‡∏°‡πÉ‡∏ä‡πâ‡πÑ‡∏≠‡πÇ‡∏ü‡∏ô 11   ‡∏à‡∏ô‡πÑ‡∏°‡πà‡∏£‡∏π‡πâ‡∏™‡∏∂‡∏Å‡∏ß‡πà‡∏≤‡∏°‡∏±‡∏ô‡∏°‡∏µ‡∏õ‡∏±‡∏ç‡∏´‡∏≤‡∏≠‡∏∞‡πÑ‡∏£‡πÅ‡∏•‡πâ‡∏ß ‡∏™‡∏á‡∏™‡∏±‡∏¢‡∏™‡∏≤‡∏¢‡∏ï‡∏≤‡∏ú‡∏°‡∏°‡∏±‡∏ô‡∏õ‡∏£‡∏±‡∏ö‡∏ï‡∏±‡∏ß‡πÉ‡∏´‡πâ‡∏ä‡∏¥‡∏ô‡∏Å‡∏±‡∏ö‡∏´‡∏ô‡πâ‡∏≤‡∏à‡∏≠‡πÅ‡∏ö‡∏ö 60Hz ‡πÑ‡∏õ‡∏ã‡∏∞‡πÅ‡∏•‡πâ‡∏ßüòä ‡πÄ‡∏û‡∏£‡∏≤‡∏∞‡πÄ‡∏õ‡πá‡∏ô‡∏Ñ‡∏ô‡πÑ‡∏°‡πà‡πÄ‡∏•‡πà‡∏ô‡πÄ‡∏Å‡∏° ‡∏°‡∏±‡∏ô‡πÄ‡∏•‡∏¢‡∏¢‡∏¥‡πà‡∏á‡∏ï‡∏≠‡∏ö‡πÇ‡∏à‡∏ó‡∏¢‡πå‡πÄ‡∏£‡∏≤ ‡πÅ‡∏•‡πâ‡∏ß‡∏™‡∏¥‡πà‡∏á‡∏ó‡∏µ‡πà‡∏ï‡∏≤‡∏°‡∏°‡∏≤‡∏Ñ‡∏∑‡∏≠ ‡∏°‡∏±‡∏ô‡∏õ‡∏£‡∏∞‡∏´‡∏¢‡∏±‡∏î‡πÅ‡∏ö‡∏ï‡πÄ‡∏ï‡∏≠‡∏£‡∏µ‡πà ‡∏û‡∏≠‡∏°‡∏≤‡πÉ‡∏ä‡πâ iPhone 15 plus  ‡πÅ‡∏•‡πâ‡∏ß‡∏¢‡∏¥‡πà‡∏á‡πÅ‡∏Æ‡∏õ‡∏õ‡∏µ‡πâ √ó2 ‡∏Ñ‡∏∑‡∏≠‡∏°‡∏±‡∏ô‡∏î‡∏µ‡∏Ç‡∏∂‡πâ‡∏ô‡∏°‡∏≤‡∏Å‡πÜ‡πÜ‡πÜ‡πÜ‡πÜ‡πÜ‡πÜ‡πÜ‡πÜ ‡πÄ‡∏°‡∏∑‡πà‡∏≠‡πÄ‡∏ó‡∏µ‡∏¢‡∏ö‡∏Å‡∏±‡∏ö  iPhone 11  ‡∏ï‡∏±‡∏ß‡πÄ‡∏Å‡πà‡∏≤ ‡πÉ‡∏Ñ‡∏£‡∏•‡∏±‡∏á‡πÄ‡∏•‡πÉ‡∏à‡∏ß‡πà‡∏≤‡∏´‡∏£‡∏∑‡∏≠‡∏à‡∏∞‡πÄ‡∏Å‡πá‡∏ö‡πÄ‡∏á‡∏¥‡∏ô‡∏≠‡∏µ‡∏Å‡∏´‡∏°‡∏∑‡πà‡∏ô ‡πÑ‡∏õ‡πÄ‡∏≠‡∏≤ 15 pro max  .....‡∏ñ‡πâ‡∏≤‡∏Ñ‡∏∏‡∏ì‡πÑ‡∏°‡πà‡πÉ‡∏ä‡πà‡∏Ñ‡∏ô‡∏ä‡∏≠‡∏ö‡πÄ‡∏•‡πà‡∏ô‡πÄ‡∏Å‡∏° ‡πÑ‡∏°‡πà‡πÉ‡∏ä‡πà‡∏™‡∏≤‡∏¢‡πÄ‡∏Å‡∏°‡πÄ‡∏°‡∏≠‡∏£‡πå  ‡πÄ‡∏õ‡πá‡∏ô‡∏Ñ‡∏ô‡∏ñ‡πà‡∏≤‡∏¢‡∏†‡∏≤‡∏û‡πÅ‡∏ö‡∏ö‡∏ó‡∏±‡πà‡∏ß‡πÑ‡∏õ ‡πÅ‡∏Ñ‡πà‡πÄ‡∏à‡πâ‡∏≤ 15 plus ‡∏°‡∏±‡∏ô‡πÉ‡∏´‡πâ‡∏Ñ‡∏∏‡∏ì‡πÑ‡∏î‡πâ‡∏Ñ‡∏∏‡πâ‡∏°‡∏à‡∏ô‡πÑ‡∏°‡πà‡∏£‡∏π‡πâ‡∏à‡∏∞‡∏Ñ‡∏∏‡πâ‡∏°‡∏¢‡∏±‡∏á‡πÑ‡∏á‡πÅ‡∏•‡πâ‡∏ß‡∏Ñ‡∏£‡∏±‡∏ö","0"
"‡∏™‡∏≠‡∏¢‡∏°‡∏≤‡πÄ‡∏£‡∏µ‡∏¢‡∏ö‡∏£‡πâ‡∏≠‡∏¢ 15 plus ‡∏™‡∏µ‡∏ä‡∏°‡∏û‡∏π ‡πÑ‡∏°‡πà‡πÄ‡∏ô‡πâ‡∏ô‡∏ñ‡πà‡∏≤‡∏¢‡∏£‡∏π‡∏õ ‡πÄ‡∏ô‡πâ‡∏ô‡∏î‡∏π‡∏´‡∏ô‡∏±‡∏á you tube nexflix ‡πÄ‡∏ô‡πâ‡∏ô‡∏à‡∏≠‡πÉ‡∏´‡∏ç‡πà ‡πÅ‡∏ö‡∏ï‡∏ó‡∏µ‡πà‡∏≠‡∏∂‡∏î‡∏Å‡∏ß‡πà‡∏≤ 55","0"
"‡πÅ‡∏ö‡∏ï‡∏ó‡∏ô‡∏°‡∏≤‡∏Å‡∏ß‡∏±‡∏ô‡∏ô‡∏µ‡πâ‡∏ó‡∏±‡πâ‡∏á‡∏ß‡∏±‡∏ô‡∏¢‡∏±‡∏á‡πÑ‡∏°‡πà‡πÑ‡∏î‡πâ‡πÉ‡∏ä‡πâ‡∏û‡∏≤‡∏ß‡πÄ‡∏ß‡∏≠‡∏£‡πå‡πÅ‡∏ö‡∏á‡∏Ñ‡πå‡∏ä‡∏≤‡∏£‡πå‡∏à‡πÄ‡∏•‡∏¢","0"
"‡πÑ‡∏õ‡∏î‡∏π‡∏Ç‡∏≠‡∏á‡∏à‡∏£‡∏¥‡∏á‡∏°‡∏≤‡πÄ‡∏°‡∏∑‡πà‡∏≠‡∏ß‡∏≤‡∏ô ‡∏™‡∏ß‡∏¢‡πÄ‡∏•‡∏¢‡∏Ñ‡∏£‡∏±‡∏ö ‡πÅ‡∏ï‡πà‡∏ï‡∏¥‡∏î‡∏ó‡∏µ‡πà‡πÉ‡∏ä‡πâ‡∏´‡∏ô‡πâ‡∏≤‡∏à‡∏≠ 120 Hz ‡∏°‡∏≤‡∏Å‡πà‡∏≠‡∏ô ‡πÄ‡∏ß‡∏•‡∏≤‡πÑ‡∏ñ‡∏´‡∏ô‡πâ‡∏≤‡∏à‡∏≠‡∏à‡∏∞‡πÄ‡∏´‡πá‡∏ô‡∏´‡∏ô‡πà‡∏ß‡∏á‡πÜ ‡∏Ç‡∏±‡∏î‡πÉ‡∏à‡∏´‡∏ô‡πà‡∏≠‡∏¢‡πÜ ‡∏Ñ‡∏£‡∏±‡∏ö ‡πÅ‡∏ï‡πà‡πÇ‡∏î‡∏¢‡∏£‡∏ß‡∏°‡πÇ‡∏≠‡πÄ‡∏Ñ‡∏£‡πÄ‡∏•‡∏¢‡∏Ñ‡∏£‡∏±‡∏öüòä","0"
"‡∏Ñ‡∏≠‡∏°‡πÄ‡∏°‡∏ô‡∏ó‡πå‡∏à‡∏≤‡∏Å‡πÑ‡∏≠‡πÇ‡∏ü‡∏ô15 ‡∏ò‡∏£‡∏£‡∏°‡∏î‡∏≤‡∏™‡∏µ‡∏î‡∏≥ ‡∏¢‡∏≠‡∏°‡∏£‡∏±‡∏ö‡πÄ‡∏•‡∏¢‡∏ß‡πà‡∏≤‡πÅ‡∏ö‡∏ï‡∏≠‡∏∂‡∏î‡∏°‡∏≤‡∏Å ‡∏à‡∏≤‡∏Å‡∏Å‡∏≤‡∏£‡πÉ‡∏ä‡πâ‡∏á‡∏≤‡∏ô‡∏õ‡∏Å‡∏ï‡∏¥‡∏ó‡∏±‡πà‡∏ß‡πÑ‡∏õ ‡∏Ç‡∏≠‡∏á‡∏ï‡∏±‡∏ß‡πÄ‡∏≠‡∏á‡∏à‡∏≤‡∏Å‡πÄ‡∏ä‡πâ‡∏≤ ‡∏à‡∏ô‡πÄ‡∏¢‡πá‡∏ô‡πÄ‡∏´‡∏•‡∏∑‡∏≠ 60% ‡∏™‡πà‡∏ß‡∏ô‡πÄ‡∏£‡∏∑‡πà‡∏≠‡∏á‡∏à‡∏≠ 60hz ‡πÅ‡∏£‡∏Å‡πÜ ‡∏Å‡πá‡∏î‡∏π‡∏´‡∏ô‡πà‡∏ß‡∏á‡πÜ ‡∏´‡∏á‡∏∏‡∏î‡∏´‡∏á‡∏¥‡∏î ‡πÅ‡∏ï‡πà‡∏û‡∏≠‡πÉ‡∏ä‡πâ‡∏á‡∏≤‡∏ô‡πÑ‡∏õ‡∏™‡∏±‡∏Å‡∏û‡∏±‡∏Å ‡πÄ‡∏£‡∏¥‡πà‡∏°‡∏ä‡∏¥‡∏ô‡∏à‡∏ô‡πÑ‡∏°‡πà‡∏£‡∏π‡πâ‡∏™‡∏∂‡∏Å‡∏≠‡∏∞‡πÑ‡∏£‡πÅ‡∏•‡πâ‡∏ß","0"
"15 ‡∏ò‡∏£‡∏£‡∏°‡∏î‡∏≤‡∏Ñ‡∏∏‡πâ‡∏°‡∏≠‡∏∞ ‡πÑ‡∏°‡πà‡∏ï‡πâ‡∏≠‡∏á‡πÑ‡∏õPro‡∏•‡∏∞ ‡πÑ‡∏î‡∏ô‡∏≤‡∏°‡∏¥‡∏Å‡πÑ‡∏≠‡πÅ‡∏•‡∏ô‡πá‡∏°‡∏µ 2X‡∏Å‡πá‡∏°‡∏µ‡πÉ‡∏ô‡πÇ‡∏´‡∏°‡∏î‡∏ö‡∏∏‡∏Ñ‡∏Ñ‡∏•","0"
"‡πÑ‡∏î‡πâx2 ‡πÇ‡∏´‡∏°‡∏î‡∏ö‡∏∏‡∏Ñ‡∏Ñ‡∏•‡∏°‡∏≤ ‡πÄ‡∏´‡∏°‡∏∑‡∏≠‡∏ô‡∏°‡∏µ‡πÄ‡∏•‡∏ô‡∏™‡πåtele ‡πÄ‡∏•‡∏¢ ‡∏ä‡∏≠‡∏ö‡∏Ñ‡∏£‡∏±‡∏ö ‡πÑ‡∏î‡πâ48mp‡∏≠‡∏µ‡∏Å‡∏î‡πâ‡∏ß‡∏¢","0"
"‡∏™‡πà‡∏ß‡∏ô‡∏ï‡∏±‡∏ß‡∏ã‡∏∑‡πâ‡∏≠‡∏°‡∏≤ ‡πÑ‡∏°‡πà‡∏™‡∏ô‡∏°‡∏±‡∏ô‡∏Ñ‡∏∏‡πâ‡∏°‡πÑ‡∏°‡πà‡∏Ñ‡∏∏‡πâ‡∏°‡∏Ñ‡∏£‡∏±‡∏ö ‡∏™‡∏ô‡πÉ‡∏à‡πÅ‡∏Ñ‡πà‡πÉ‡∏ä‡πâ‡πÅ‡∏•‡πâ‡∏ß‡∏™‡∏ö‡∏≤‡∏¢‡πÉ‡∏à ‡∏ä‡∏≠‡∏ö‡∏û‡∏≠ ‡∏ñ‡πâ‡∏≤‡∏à‡∏∞‡∏°‡∏≤‡∏ô‡∏±‡πà‡∏á‡∏Ñ‡∏¥‡∏î ‡∏≠‡∏∏‡πâ‡∏¢ ‡∏£‡∏≠ 16 ‡∏£‡∏≠ 17 ‡∏°‡∏±‡∏ô‡∏Å‡πá‡πÑ‡∏°‡πà‡πÑ‡∏î‡πâ‡∏ã‡∏∑‡πâ‡∏≠‡∏™‡∏±‡∏Å‡∏ó‡∏µ‡∏≠‡πà‡∏∞‡∏Ñ‡∏£‡∏±‡∏ö555","0"
"‡πÄ‡∏•‡πà‡∏ô‡πÄ‡∏Å‡∏°‡∏™‡πå‡∏î‡∏µ‡∏Å‡∏ß‡πà‡∏≤ ‡∏Å‡∏•‡πâ‡∏≠‡∏áx5‡∏Ñ‡∏∑‡∏≠‡∏î‡∏µ‡∏°‡∏≤‡∏Å‡πÜ‡∏Ñ‡∏£‡∏±‡∏ö ‡∏ß‡∏µ‡∏î‡∏µ‡πÇ‡∏≠ 0.5 ‡∏Å‡∏±‡∏ö‡∏Å‡∏•‡πâ‡∏≠‡∏á 0.5 ‡∏Ñ‡∏∑‡∏≠‡∏ä‡∏±‡∏î‡∏°‡∏≤‡∏Å‡πÜ ‡πÑ‡∏°‡πà‡πÄ‡∏™‡∏µ‡∏¢‡πÉ‡∏à‡πÄ‡∏•‡∏¢‡∏ó‡∏µ‡πà‡πÄ‡∏õ‡∏•‡∏µ‡πà‡∏¢‡∏ô‡∏à‡∏≤‡∏Å 14promax ‡∏¢‡∏¥‡πà‡∏á‡πÉ‡∏ä‡πâ‡∏¢‡∏¥‡πà‡∏á‡∏ä‡∏≠‡∏ö","0"
"14 pro max ‡∏°‡∏≤ 15  pro max ‡∏ï‡πà‡∏≤‡∏á‡∏°‡∏≤‡∏Å ‡πÅ‡∏ö‡∏ï ‡πÅ‡∏•‡∏∞‡∏Ñ‡∏ß‡∏≤‡∏°‡πÅ‡∏£‡∏á ‡πÅ‡∏£‡∏á‡∏Ç‡∏∂‡πâ‡∏ô ‡πÅ‡∏ï‡πà‡πÅ‡∏ö‡∏ï‡∏≠‡∏∂‡∏î‡∏Ç‡∏∂‡πâ‡∏ô‡∏ä‡∏≠‡∏ö‡∏°‡∏≤‡∏Å","0"
"‡∏ú‡∏°‡∏°‡∏≤‡∏à‡∏≤‡∏Å XS ‡∏Ñ‡∏∏‡πâ‡∏°‡∏Ñ‡πà‡∏≤‡πÅ‡∏ô‡πà‡∏ô‡∏≠‡∏ô‡∏Ñ‡∏£‡∏±‡∏ö 5‡∏õ‡∏µ ‡πÄ‡∏õ‡∏•‡∏µ‡πà‡∏¢‡∏ô‡πÄ‡∏Ñ‡∏£‡∏∑‡πà‡∏≠‡∏á‡∏ó‡∏µ‡∏ô‡∏∂‡∏á","0"
"‡∏™‡πà‡∏ß‡∏ô‡∏ï‡∏±‡∏ß‡∏ã‡∏∑‡πâ‡∏≠ 15 ‡∏ô‡∏∞‡∏Ñ‡∏£‡∏±‡∏ö ‡πÄ‡∏û‡∏£‡∏≤‡∏∞‡∏Å‡∏≤‡∏£‡πÉ‡∏ä‡πâ‡∏á‡∏≤‡∏ô‡∏ó‡∏±‡πà‡∏ß‡πÑ‡∏õ‡πÑ‡∏°‡πà‡∏ï‡πâ‡∏≠‡∏á‡∏Å‡∏£‡∏∞‡πÇ‡∏î‡∏î‡πÑ‡∏õ‡∏ñ‡∏∂‡∏á‡∏Ç‡∏±‡πâ‡∏ô‡∏ï‡∏±‡∏ß‡πÇ‡∏õ‡∏£  ‡∏™‡πà‡∏ß‡∏ô‡πÉ‡∏´‡∏ç‡πà‡∏ï‡πâ‡∏≠‡∏á‡∏î‡∏π‡∏Å‡∏≤‡∏£‡πÉ‡∏ä‡πâ‡∏á‡∏≤‡∏ô‡∏Ç‡∏≠‡∏á‡πÄ‡∏£‡∏≤‡πÑ‡∏õ‡∏´‡∏•‡∏±‡∏Å 15 ‡∏Å‡πá‡∏Ñ‡∏∑‡∏≠‡πÄ‡∏´‡∏•‡∏∑‡∏≠ ‡πÜ ‡πÅ‡∏•‡πâ‡∏ß","0"
"iPhone 15 ‡∏Ñ‡∏∑‡∏≠ iPhone 14 ‡∏ó‡∏µ‡πà‡∏™‡∏°‡∏ö‡∏π‡∏£‡∏ì‡πå‡πÅ‡∏ö‡∏ö ‡∏≠‡∏±‡∏ô‡∏ô‡∏µ‡πâ‡∏Ñ‡∏∑‡∏≠‡πÉ‡∏ô‡∏Ñ‡∏ß‡∏≤‡∏°‡∏Ñ‡∏¥‡∏î‡∏™‡πà‡∏ß‡∏ô‡∏ï‡∏±‡∏ß‡∏ú‡∏°‡πÄ‡∏•‡∏¢ ‡∏ó‡∏±‡πâ‡∏á‡∏î‡∏µ‡πÑ‡∏ã‡∏ô‡πå ‡∏´‡∏£‡∏∑‡∏≠‡∏ß‡πà‡∏≤‡πÄ‡∏õ‡πá‡∏ô‡∏Å‡∏≤‡∏£‡∏Ñ‡∏ö‡πÄ‡∏Ñ‡∏£‡∏∑‡πà‡∏≠‡∏á ‡∏°‡∏≤‡∏Å‡∏Å‡∏ß‡πà‡∏≤‡πÄ‡∏î‡∏¥‡∏° ‡∏ú‡∏°‡∏°‡∏≠‡∏á‡∏ß‡πà‡∏≤‡∏°‡∏±‡∏ô‡∏Å‡πá‡∏Ñ‡∏∑‡∏≠ 14 ‡∏ó‡∏µ‡πà‡∏™‡∏°‡∏ö‡∏π‡∏£‡∏ì‡πå","0"
"15 pro ‡πÄ‡∏ö‡∏≤‡πÅ‡∏ö‡∏ö‡∏£‡∏π‡πâ‡∏™‡∏∂‡∏Å‡πÑ‡∏î‡πâ‡∏à‡∏£‡∏¥‡∏á‡πÜ","0"
"‡πÅ‡∏ï‡πà‡∏ß‡πà‡∏≤‡∏Ñ‡∏ô‡∏ó‡∏µ‡πà‡πÉ‡∏ä‡πâ11 12 13 pro ‡πÅ‡∏•‡πâ‡∏ß‡∏à‡∏∞‡πÄ‡∏õ‡∏•‡∏µ‡πâ‡∏¢‡∏ô‡πÄ‡∏õ‡πá‡∏ô15pro ‡∏ú‡∏°‡∏ß‡πà‡∏≤‡∏î‡∏µ‡πÄ‡∏•‡∏¢‡∏ô‡∏∞ ‡∏°‡∏±‡∏ô‡∏Ç‡πâ‡∏≤‡∏°‡πÄ‡∏•‡∏¢ ‡πÄ‡πÄ‡∏•‡πâ‡∏ß‡∏ß‡πâ‡∏≤‡∏ß‡∏Å‡∏±‡∏ö‡∏™‡∏¥‡πà‡∏á‡∏ó‡∏µ‡πà‡∏à‡∏∞‡πÑ‡∏î‡πâ‡πÉ‡∏ä‡πâ‡πÉ‡∏ô15pro","0"
"‡πÉ‡∏ä‡πâ‡πÑ‡∏≠‡πÇ‡∏ü‡∏ô15‡∏°‡∏≤2‡∏™‡∏±‡∏õ‡∏î‡∏≤‡∏´‡πå ‡πÄ‡∏´‡∏°‡∏∑‡∏≠‡∏ô‡∏Å‡∏±‡∏ô ‡∏Å‡πá‡∏£‡∏π‡πâ‡∏™‡∏∂‡∏Å‡∏ß‡πà‡∏≤‡πÇ‡∏≠‡πÄ‡∏Ñ‡πÄ‡∏•‡∏¢‡∏ô‡∏∞ ‡∏Ñ‡∏∏‡πâ‡∏°‡∏Ñ‡πà‡∏≤ ‡∏Å‡∏•‡πâ‡∏≠‡∏á‡∏™‡∏ß‡∏¢ ‡∏ß‡∏¥‡∏î‡∏µ‡πÇ‡∏≠‡∏Å‡πá‡∏î‡∏µ ‡∏°‡∏µ‡∏Ñ‡∏£‡∏ö‡∏ó‡∏∏‡∏Å‡∏≠‡∏¢‡πà‡∏≤‡∏á  ‡∏°‡∏µ‡πÑ‡∏î‡∏ô‡∏≤‡∏°‡∏¥‡∏Ñ‡πÑ‡∏≠‡∏ã‡πå‡πÅ‡∏•‡∏ô‡∏î‡πå‡∏î‡πâ‡∏ß‡∏¢  ‡πÄ‡πÄ‡∏Ñ‡πà‡∏à‡∏≠60Hz ‡πÇ‡∏î‡∏¢‡∏™‡πà‡∏ß‡∏ô‡∏ï‡∏±‡∏ß‡∏£‡∏π‡πâ‡∏™‡∏∂‡∏Å‡∏ß‡πà‡∏≤‡∏Ñ‡∏∏‡πâ‡∏°‡∏Ñ‡πà‡∏≤‡∏™‡∏∏‡∏î  ‡πÑ‡∏°‡πà‡∏ï‡πâ‡∏≠‡∏á‡πÄ‡∏≠‡∏≤‡∏ï‡∏±‡∏ß‡πÇ‡∏õ‡∏£","0"
"‡∏°‡∏≤‡∏à‡∏≤‡∏Ås22ultra ‡πÉ‡∏ä‡πâ‡∏á‡∏≤‡∏ô‡∏ó‡∏±‡πà‡∏ß‡πÑ‡∏õ‡πÑ‡∏°‡πà‡∏™‡∏ô‡∏Å‡∏•‡πâ‡∏≠‡∏á‡πÇ‡∏õ‡∏£ ‡∏à‡∏ö‡∏ó‡∏µ‡πà15plus‡∏ô‡∏°‡πÄ‡∏¢‡πá‡∏ô ‡πÄ‡∏Ñ‡∏£‡∏∑‡πà‡∏≠‡∏á‡πÄ‡∏ö‡∏≤ ‡∏™‡∏±‡∏ç‡∏ç‡∏≤‡∏ì‡∏î‡∏µ ‡πÅ‡∏ö‡∏ï‡∏≠‡∏∂‡∏î‡∏°‡∏≤‡∏Å ‡∏à‡∏≠‡∏™‡∏ß‡∏¢ ‡∏£‡∏∞‡∏ö‡∏ö‡πÅ‡∏à‡πâ‡∏á‡πÄ‡∏ï‡∏∑‡∏≠‡∏ô‡πÄ‡∏ó‡∏û‡πÜ ‡∏´‡∏≤‡πÄ‡∏Ñ‡∏™‡∏á‡πà‡∏≤‡∏¢‡πÇ‡∏Ñ‡∏ï‡∏£","0"
"15 plus ‡πÉ‡∏ä‡πâ‡∏°‡∏≤‡∏≠‡∏≤‡∏ó‡∏¥‡∏ï‡∏¢‡πå‡∏ô‡∏∂‡∏á‡∏•‡∏∞‡∏Ñ‡∏£‡∏±‡∏ö ‡∏Ç‡∏≠‡∏á‡πÇ‡∏Ñ‡∏ï‡∏£‡∏î‡∏µ ‡∏à‡∏≠‡∏™‡∏ß‡∏¢‡πÅ‡∏•‡∏∞‡πÉ‡∏´‡∏ç‡πà‡∏°‡∏≤‡∏Å‡∏Å‡∏±‡∏ö‡∏£‡∏≤‡∏Ñ‡∏≤‡∏ó‡∏µ‡πà‡∏ñ‡∏π‡∏Å‡∏Å‡∏ß‡πà‡∏≤ pro max ‡πÄ‡∏õ‡πá‡∏ô‡∏´‡∏°‡∏∑‡πà‡∏ô","0"
"‡∏Ñ‡∏ô‡∏î‡∏±‡∏á ‡∏Ñ‡∏ô‡∏£‡∏ß‡∏¢ ‡πÑ‡∏≠‡∏î‡∏≠‡∏•‡πÄ‡∏Å‡∏≤‡∏´‡∏•‡∏µ ‡∏ï‡πà‡∏≤‡∏á‡πÄ‡∏•‡∏∑‡∏≠‡∏Å‡πÉ‡∏ä‡πâiphone ‡∏™‡πà‡∏ß‡∏ô‡∏°‡∏≤‡∏Å ‡∏ö‡∏á‡∏ö‡∏≠‡∏Å‡∏ß‡πà‡∏≤‡∏°‡∏±‡∏ô‡πÄ‡∏õ‡πá‡∏ô‡∏°‡∏≤‡∏Å‡∏Å‡∏ß‡πà‡∏≤‡∏°‡∏∑‡∏≠‡∏ñ‡∏∑‡∏≠ ‡∏°‡∏±‡∏ô‡∏Ñ‡∏∑‡∏≠‡πÅ‡∏ö‡∏£‡∏ô‡∏î‡πå‡∏£‡∏∞‡∏î‡∏±‡∏ö‡∏™‡∏π‡∏á","0"
"‡∏ú‡∏°‡∏Ç‡∏¢‡∏±‡∏ö‡∏à‡∏≤‡∏Å 14pro ‡∏°‡∏≤15pro ‡πÄ‡∏û‡∏µ‡∏¢‡∏á‡πÄ‡∏û‡∏£‡∏≤‡∏∞‡πÅ‡∏Ñ‡πà type c ‡∏Å‡∏±‡∏ö‡∏ô‡πâ‡∏≥‡∏´‡∏ô‡∏±‡∏Å‡∏ó‡∏µ‡πà‡∏£‡∏π‡πâ‡∏™‡∏∂‡∏Å‡πÄ‡∏ö‡∏≤‡∏™‡∏°‡∏Å‡∏±‡∏ö‡∏Ç‡∏ô‡∏≤‡∏î‡πÄ‡∏Ñ‡∏£‡∏∑‡πà‡∏≠‡∏á‡∏£‡∏π‡πâ‡∏™‡∏∂‡∏Å‡πÅ‡∏Ñ‡πà‡∏ô‡∏µ‡πâ‡∏Å‡πá‡∏Ñ‡∏∏‡πâ‡∏°‡∏•‡∏∞‡∏Ñ‡∏£‡∏±‡∏ö","0"
"‡πÑ‡∏õ‡∏•‡∏≠‡∏á‡∏à‡∏±‡∏ö‡πÄ‡∏Ñ‡∏£‡∏∑‡πà‡∏≠‡∏á‡πÅ‡∏•‡∏∞‡∏î‡∏π‡∏™‡∏µ‡∏à‡∏£‡∏¥‡∏á‡πÜ‡∏°‡∏≤‡πÅ‡∏•‡πâ‡∏ß White Titanium ‡∏™‡∏ß‡∏¢‡∏™‡∏∏‡∏î‡πÅ‡∏•‡∏∞‡πÑ‡∏°‡πà‡∏Ñ‡πà‡∏≠‡∏¢‡∏ï‡∏¥‡∏î‡∏£‡∏≠‡∏¢‡∏ô‡∏¥‡πâ‡∏ß‡∏°‡∏∑‡∏≠‡πÄ‡∏ó‡πà‡∏≤‡∏™‡∏µ‡∏≠‡∏∑‡πà‡∏ô‡∏à‡∏£‡∏¥‡∏á‡∏Ñ‡πà‡∏∞","0"
"‡∏ú‡∏°‡πÇ‡∏î‡∏ô‡∏ï‡∏Å15 pro max ‡πÄ‡∏û‡∏£‡∏≤‡∏∞‡∏ô‡πâ‡∏≥‡∏´‡∏ô‡∏±‡∏Å‡πÄ‡∏ö‡∏≤ Type C ‡πÅ‡∏•‡∏∞‡∏Å‡∏•‡πâ‡∏≠‡∏á‡∏ó‡∏µ‡πà‡∏ã‡∏π‡∏°‡πÑ‡∏î‡πâ 5X ‡∏ú‡∏°‡πÄ‡∏ô‡πâ‡∏ô‡∏ñ‡πà‡∏≤‡∏¢‡∏ã‡∏π‡∏° ‡∏ú‡∏°‡∏Å‡∏£‡∏∞‡πÇ‡∏î‡∏î‡∏°‡∏≤‡∏à‡∏≤‡∏Å13 pro ‡πÄ‡∏•‡∏¢‡∏£‡∏π‡πâ‡∏™‡∏∂‡∏Å‡∏ß‡πà‡∏≤‡πÄ‡∏ï‡∏¥‡∏°‡∏™‡∏¥‡πà‡∏á‡∏ó‡∏µ‡πà‡∏Ç‡∏≤‡∏î","0"
"‡∏Å‡∏•‡πâ‡∏≠‡∏á15 ‡∏ä‡∏±‡∏î‡∏°‡∏≤‡∏Å‡∏Å‡∏Å","0"
"‡∏à‡∏≤‡∏Å 12pro ‡∏°‡∏≤ 15 ‡πÄ‡∏´‡πá‡∏ô‡∏î‡πâ‡∏ß‡∏¢‡∏°‡∏≤‡∏Å‡πÜ‡πÄ‡∏£‡∏∑‡πà‡∏≠‡∏á‡∏•‡∏≥‡πÇ‡∏û‡∏á‡∏Ñ‡∏£‡∏±‡∏ö ‡∏Ñ‡∏∑‡∏≠‡∏£‡∏π‡πâ‡∏™‡∏∂‡∏Å‡πÑ‡∏î‡πâ‡∏ï‡∏±‡πâ‡∏á‡πÅ‡∏ï‡πà‡∏ß‡∏±‡∏ô‡πÅ‡∏£‡∏Å‡∏ó‡∏µ‡πà‡πÄ‡∏≠‡∏≤‡∏°‡∏≤‡πÉ‡∏ä‡πâ‡πÄ‡∏•‡∏¢ ‡∏î‡∏±‡∏á‡∏Ç‡∏∂‡πâ‡∏ô ‡∏°‡∏¥‡∏ï‡∏¥‡πÄ‡∏™‡∏µ‡∏¢‡∏á‡∏î‡∏µ‡∏Ç‡∏∂‡πâ‡∏ô ‡∏ä‡∏±‡∏î‡πÄ‡∏à‡∏ô","0"
"15 ‡∏°‡∏±‡∏ô‡∏Ñ‡∏∏‡πâ‡∏°‡∏°‡∏±‡∏ô‡∏ß‡πâ‡∏≤‡∏ß‡∏°‡∏≤‡∏Å‡∏à‡∏£‡∏¥‡∏á‡πÜ‡∏ô‡∏∞ ‡∏ñ‡πâ‡∏≤‡πÄ‡∏ó‡∏µ‡∏¢‡∏ö‡∏Å‡∏±‡∏ö 14 ‡∏ï‡∏≠‡∏ô‡πÄ‡∏õ‡∏¥‡∏î‡∏ï‡∏±‡∏ß‡πÄ‡∏´‡∏°‡∏∑‡∏≠‡∏ô‡∏Å‡∏±‡∏ô","0"
"‡∏õ‡∏µ‡∏ô‡∏µ‡πâ‡∏£‡∏∏‡πà‡∏ô‡∏ò‡∏£‡∏£‡∏°‡∏î‡∏≤‡∏™‡∏µ‡∏™‡∏ß‡∏¢‡∏à‡∏£‡∏¥‡∏á‡πÜ ‡πÄ‡∏•‡∏¢‡∏Ñ‡∏£‡∏±‡∏ö","0"
"‡∏ú‡∏°‡πÄ‡∏õ‡∏•‡∏µ‡πà‡∏¢‡∏ô‡∏à‡∏≤‡∏Å 11 Pro max ‡∏°‡∏≤‡πÄ‡∏õ‡πá‡∏ô 15 ‡∏ò‡∏£‡∏£‡∏°‡∏î‡∏≤ ‡∏Ñ‡∏∑‡∏≠‡∏î‡∏µ‡∏á‡∏≤‡∏°‡∏°‡∏≤‡∏Å","0"
"‡∏´‡∏ô‡∏π‡∏ß‡πâ‡∏≤‡∏ß‡∏Å‡∏±‡∏ö15‡∏ò‡∏£‡∏£‡∏°‡∏î‡∏≤‡∏°‡∏≤‡∏Å‡∏Ñ‡πà‡∏∞ ‡∏ñ‡πâ‡∏≤‡πÑ‡∏°‡πà‡πÑ‡∏î‡πâ‡∏ã‡∏π‡∏°‡∏Å‡∏•‡πâ‡∏≠‡∏á‡∏ö‡πà‡∏≠‡∏¢ ‡πÑ‡∏°‡πà‡πÑ‡∏î‡πâ‡πÉ‡∏ä‡πâ‡∏ß‡∏¥‡∏î‡∏µ‡πÇ‡∏≠‡πÅ‡∏ö‡∏ö‡∏™‡∏∏‡∏î‡∏à‡πã‡∏≤ ‡πÑ‡∏°‡πà‡πÉ‡∏ä‡πà‡∏™‡∏≤‡∏¢‡∏≠‡∏¥‡∏ô‡∏ü‡∏•‡∏π‡πÄ‡∏≠‡∏¥‡∏á‡πÄ‡∏≠‡∏¢ ‡∏´‡∏£‡∏∑‡∏≠‡πÉ‡∏ä‡πâ‡∏á‡∏≤‡∏ô‡∏´‡∏ô‡∏±‡∏Å ‡∏Å‡πá‡∏à‡∏ö‡∏ï‡∏±‡∏ß‡∏ô‡∏µ‡πâ‡πÑ‡∏î‡πâ‡πÄ‡∏•‡∏¢","0"
"‡∏ú‡∏°‡∏ä‡∏≠‡∏ö15‡∏°‡∏≤‡∏Å‡∏Å‡∏ß‡πà‡∏≤15pro","0"
"‡∏¢‡∏∑‡∏ô‡∏¢‡∏±‡∏ô‡∏≠‡∏µ‡∏Å‡πÄ‡∏™‡∏µ‡∏¢‡∏á‡∏Ñ‡∏±‡∏ö rov 60‡πÄ‡∏ü‡∏£‡∏°‡πÑ‡∏°‡πà‡πÄ‡∏Ñ‡∏¢‡∏ï‡∏Å‡πÄ‡∏•‡∏¢‡∏ã‡∏∑‡πâ‡∏≠‡∏°‡∏≤6 ‡∏ß‡∏±‡∏ô‡πÄ‡∏•‡πà‡∏ô‡πÄ‡∏Å‡∏°‡∏ó‡∏∏‡∏Å‡∏ß‡∏±‡∏ô‡∏ß‡∏±‡∏ô‡∏•‡∏∞2-3 ‡∏ä‡∏±‡πà‡∏ß‡πÇ‡∏°‡∏á ‡∏•‡∏≥‡πÇ‡∏û‡∏á‡∏Å‡πá‡∏¢‡∏∑‡∏ô‡∏¢‡∏±‡∏ô‡∏≠‡∏µ‡∏Å‡πÄ‡∏™‡∏µ‡∏¢‡∏á‡∏Ñ‡∏±‡∏ö ‡πÄ‡∏™‡∏µ‡∏¢‡∏á‡∏•‡∏≥‡πÇ‡∏û‡∏á‡πÄ‡∏´‡∏°‡∏∑‡∏≠‡∏ô‡πÇ‡∏î‡∏ô‡∏õ‡∏£‡∏±‡∏ö‡∏°‡∏≤‡πÉ‡∏´‡∏°‡πà ‡πÄ‡∏ß‡∏•‡∏≤‡πÄ‡∏õ‡∏¥‡∏î‡πÄ‡∏û‡∏•‡∏á‡∏´‡∏£‡∏∑‡∏≠‡πÄ‡∏õ‡∏¥‡∏î‡∏´‡∏ô‡∏±‡∏á‡∏ó‡∏µ‡πà‡πÄ‡∏õ‡πá‡∏ô‡∏£‡∏∞‡∏ö‡∏ö dolby ‡∏Ñ‡∏∑‡∏≠‡∏£‡∏π‡πâ‡∏™‡∏∂‡∏Å‡∏ß‡πà‡∏≤‡πÄ‡∏™‡∏µ‡∏¢‡∏á‡∏°‡∏±‡∏ô‡∏î‡∏µ‡∏≠‡∏∞ ‡∏ï‡∏≠‡∏ô‡πÅ‡∏£‡∏Å‡∏ú‡∏°‡∏Ñ‡∏¥‡∏î‡∏ß‡πà‡∏≤‡∏Ñ‡∏¥‡∏î‡πÑ‡∏õ‡πÄ‡∏≠‡∏á‡∏™‡∏∞‡∏≠‡∏µ‡∏Å","0"
"iphone 15 pro ‡πÉ‡∏ä‡πâ‡∏á‡∏≤‡∏ô‡πÄ‡∏•‡πà‡∏ô‡πÇ‡∏ã‡πÄ‡∏ä‡∏µ‡πà‡∏¢‡∏•‡∏ó‡∏±‡πà‡∏ß‡πÑ‡∏õ‡πÑ‡∏°‡πà‡∏°‡∏µ‡∏≠‡∏≤‡∏Å‡∏≤‡∏£‡∏£‡πâ‡∏≠‡∏ô‡πÄ‡∏•‡∏¢","0"
"‡∏°‡∏±‡∏ô‡∏î‡∏µ‡∏Ñ‡πà‡∏∞ ‡∏ñ‡πà‡∏≤‡∏¢‡∏Å‡∏•‡πâ‡∏≠‡∏á‡∏ï‡∏±‡∏ß‡∏ò‡∏£‡∏£‡∏°‡∏î‡∏≤ ‡∏Ñ‡∏∑‡∏≠‡∏ä‡∏±‡∏î‡∏à‡∏∂‡πâ‡∏á ‡∏ß‡πà‡∏≤‡πÑ‡∏°‡πà‡πÑ‡∏î‡πâ‡∏ô‡∏∞","0"
"‡πÄ‡∏£‡∏∑‡πà‡∏≠‡∏á‡∏ä‡∏¥‡∏õ 5G 14‡∏Å‡∏±‡∏ö15‡∏ï‡πà‡∏≤‡∏á‡∏Å‡∏±‡∏ô‡∏î‡∏±‡∏ô‡πÑ‡∏°‡πà‡∏û‡∏π‡∏î","0"
"‡∏ú‡∏°‡πÉ‡∏ä‡πâ‡∏°‡∏≤‡∏ï‡∏±‡πâ‡∏á‡πÅ‡∏ï‡πà 22 ‡∏°‡∏µ‡∏ß‡∏±‡∏ô‡πÅ‡∏£‡∏Å‡∏ó‡∏µ‡πà‡∏£‡πâ‡∏≠‡∏ô‡∏´‡∏ô‡πà‡∏≠‡∏¢‡∏Ñ‡∏£‡∏±‡∏ö ‡∏ô‡∏≠‡∏Å‡∏ô‡∏±‡πâ‡∏ô ‡∏õ‡∏Å‡∏ï‡∏¥ ‡πÅ‡∏ï‡πà‡∏ó‡∏µ‡πà‡πÅ‡∏ô‡πà‡πÜ‡πÅ‡∏ö‡∏ï‡∏î‡∏µ‡∏Å‡∏ß‡πà‡∏≤ 14PM ‡∏ä‡∏±‡∏ß‡∏£‡πå","0"
"‡∏£‡∏∏‡πà‡∏ô‡πÉ‡∏´‡∏°‡πà‡∏Å‡πá‡∏¢‡∏±‡∏á‡πÄ‡∏õ‡πá‡∏ô‡∏£‡∏∏‡πà‡∏ô‡πÉ‡∏´‡∏°‡πà‡πÉ‡∏ô‡∏ß‡∏±‡∏ô‡∏¢‡∏±‡∏á‡∏Ñ‡πà‡∏≥","0"
"‡∏ú‡∏°‡πÄ‡∏õ‡∏•‡∏µ‡πà‡∏¢‡∏ô‡∏à‡∏≤‡∏Å 14pm ‡∏°‡∏≤15pm ‡πÉ‡∏ä‡πâ‡∏á‡∏≤‡∏ô‡∏ó‡∏±‡πà‡∏ß‡πÑ‡∏õ‡∏Å‡πá‡πÑ‡∏°‡πà‡∏£‡πâ‡∏≠‡∏ô‡πÄ‡∏•‡∏¢‡∏Ñ‡∏£‡∏±‡∏ö‡∏ñ‡πâ‡∏≤‡πÄ‡∏ó‡∏µ‡∏¢‡∏ö‡∏Å‡∏±‡∏ö‡∏ï‡∏≠‡∏ô 14pm ‡πÉ‡∏ä‡πâ‡∏ó‡∏±‡πà‡∏ß‡πÑ‡∏õ‡∏≠‡∏∏‡πà‡∏ô‡πÜ‡∏£‡πâ‡∏≠‡∏ô‡∏á‡πà‡∏≤‡∏¢","0"
"‡∏î‡∏π‡∏≠‡∏≠‡∏Å‡πÄ‡∏•‡∏¢‡∏ß‡πà‡∏≤ 15 ‡∏Å‡∏•‡πâ‡∏≠‡∏á‡∏ä‡∏±‡∏î‡∏Å‡∏ß‡πà‡∏≤","0"
"‡πÄ‡∏´‡πá‡∏ô‡∏î‡πâ‡∏ß‡∏¢‡∏Ñ‡∏£‡∏±‡∏ö ‡∏•‡∏≥‡πÇ‡∏û‡∏á‡∏î‡∏µ‡∏Ç‡∏∂‡πâ‡∏ô‡∏à‡∏£‡∏¥‡∏á‡∏î‡∏±‡∏á‡∏î‡∏µ‡∏°‡∏≤‡∏Å","0"
"‡∏á‡∏á‡∏ï‡∏£‡∏á‡∏ó‡∏µ‡πà‡∏ß‡πà‡∏≤‡∏ä‡∏¥‡∏û‡∏ï‡∏±‡∏ß‡πÄ‡∏î‡∏µ‡∏¢‡∏ß‡∏Å‡∏±‡∏ö 14 pm ‡πÅ‡∏ï‡πà‡∏ó‡∏≥‡πÑ‡∏°rov ‡∏•‡∏∑‡πà‡∏ô‡πÄ‡∏â‡∏¢‡πÄ‡∏•‡∏¢","0"
"‡πÉ‡∏Ñ‡∏£‡∏ö‡∏≠‡∏Å‡∏£‡πâ‡∏≠‡∏ô‡∏á‡πà‡∏≤‡∏¢‡∏Ñ‡∏∑‡∏ô‡πÄ‡∏Ñ‡∏£‡∏∑‡πà‡∏≠‡∏á‡∏≠‡∏∞‡πÑ‡∏£‡∏°‡∏±‡πà‡∏ß‡∏ó‡∏±‡πâ‡∏á‡∏ô‡∏±‡πâ‡∏ô‡∏ú‡∏°‡πÉ‡∏ä‡πâ‡∏≠‡∏¢‡∏π‡πà‡πÄ‡∏õ‡πá‡∏ô‡πÄ‡∏Å‡∏°‡πÅ‡∏ï‡πà‡∏ú‡∏°‡πÉ‡∏™‡πà‡πÄ‡∏Ñ‡∏™‡∏ô‡∏∞‡πÑ‡∏°‡πà‡πÄ‡∏´‡πá‡∏ô‡∏à‡∏∞‡πÄ‡πÄ‡∏•‡∏Ñ‡∏≠‡∏∞‡πÑ‡∏£‡πÄ‡∏•‡∏¢","0"
"‡∏™‡∏µ‡πÑ‡∏ó‡πÄ‡∏ó‡πÄ‡∏ô‡∏µ‡πà‡∏¢‡∏°‡∏Ç‡∏≤‡∏ß ‡∏ù‡∏≤‡∏´‡∏•‡∏±‡∏á‡∏à‡∏∞‡∏°‡∏µ‡∏Ñ‡∏ß‡∏≤‡∏°‡∏≠‡∏°‡πÄ‡∏´‡∏•‡∏∑‡∏≠‡∏á‡∏ô‡∏¥‡∏î‡πÜ‡∏Ñ‡∏•‡πâ‡∏≤‡∏¢‡∏™‡∏µ‡πÑ‡∏Ç‡πà‡∏°‡∏∏‡∏Å ‡∏™‡∏ß‡∏¢‡∏°‡∏≤‡∏Å‡πÜ‡∏Ñ‡∏£‡∏±‡∏ö","0"
"15 ‡∏™‡∏µ‡∏ä‡∏°‡∏û‡∏π‡∏Ñ‡∏∑‡∏≠‡∏ô‡πà‡∏≤‡∏£‡∏±‡∏Å‡∏°‡∏≤‡∏Å‡∏Å‡∏Å‡∏Å‡∏Å‡∏Å","0"
"‡πÄ‡∏£‡∏∑‡πà‡∏≠‡∏á‡∏Å‡∏•‡πâ‡∏≠‡∏á 15 ‡πÄ‡∏≠‡∏≤‡πÄ‡∏£‡∏∑‡πà‡∏≠‡∏á‡∏ô‡∏∞‡∏Ñ‡∏£‡∏±‡∏ö","0"
"‡∏ú‡∏°‡∏ä‡∏≠‡∏ö15‡∏ò‡∏£‡∏£‡∏°‡∏î‡∏≤‡∏ï‡∏£‡∏á‡∏ó‡∏µ‡πà‡πÇ‡∏´‡∏°‡∏î‡∏†‡∏≤‡∏û‡∏¢‡∏ô‡∏ï‡πå‡∏°‡∏±‡∏ô‡∏ã‡∏π‡∏°‡πÑ‡∏î‡πâ‡∏ô‡∏µ‡πà‡πÅ‡∏´‡∏•‡∏∞","0"
"‡∏Å‡∏•‡πâ‡∏≠‡∏á‡πÇ‡∏´‡∏î‡∏°‡∏≤‡∏Å ‡∏ô‡∏µ‡πâ‡∏ñ‡πâ‡∏≤‡πÑ‡∏°‡πà‡∏ö‡∏≠‡∏Å‡∏Ñ‡∏∑‡∏≠‡πÑ‡∏°‡πà‡∏£‡∏π‡πâ‡πÄ‡∏•‡∏¢ ‡∏ô‡∏∂‡∏Å‡∏ß‡πà‡∏≤‡πÉ‡∏ä‡πâ‡∏Å‡∏•‡πâ‡∏≠‡∏á‡πÉ‡∏´‡∏ç‡πà‡πÜ","0"
"‡πÄ‡∏≠‡∏≤‡∏à‡∏£‡∏¥‡∏á‡πÜ‡∏ô‡∏∞ ‡∏Ñ‡∏ô‡∏ä‡∏≠‡∏ö‡∏Å‡πá‡∏Ñ‡∏∑‡∏≠‡∏ä‡∏≠‡∏ö‡∏≠‡∏¢‡πà‡∏≤‡∏á‡πÄ‡∏ä‡πà‡∏ô‡∏ú‡∏° ‡∏ñ‡∏∂‡∏á‡∏™‡∏≤‡∏¢‡∏≠‡∏≠‡∏ô‡∏î‡∏£‡∏≠‡∏¢‡∏à‡∏∞‡πÅ‡∏ã‡∏∞‡∏Ç‡∏¥‡∏á‡∏ô‡∏±‡πà‡∏ô‡∏ô‡∏µ‡πà‡∏Ñ‡∏∑‡∏≠‡∏ú‡∏°‡πÑ‡∏°‡πà‡∏ä‡∏≠‡∏ö‡∏≠‡πà‡∏∞ ‡∏Å‡πá‡πÑ‡∏°‡πà‡∏Ñ‡∏¥‡∏î‡∏à‡∏∞‡πÉ‡∏ä‡πâ‡πÄ‡∏•‡∏¢ ‡πÉ‡∏´‡πâ‡∏ü‡∏£‡∏µ‡∏ú‡∏°‡∏Å‡πá‡∏Ç‡∏≤‡∏¢‡πÑ‡∏õ‡∏ã‡∏∑‡πâ‡∏≠‡πÑ‡∏≠‡πÇ‡∏ü‡∏ô‡∏≠‡∏¢‡∏π‡πà‡∏î‡∏µ555 ‡∏à‡∏∞‡∏ã‡∏π‡∏°‡πÅ‡∏™‡∏ô‡∏ã‡∏π‡∏°‡∏•‡πâ‡∏≤‡∏ô ‡∏ú‡∏°‡∏Å‡πá‡πÑ‡∏°‡πà‡πÉ‡∏ä‡πâ‡πÄ‡∏û‡∏£‡∏≤‡∏∞‡∏ú‡∏°‡πÑ‡∏°‡πà‡∏ä‡∏≠‡∏ö ‡∏≠‡∏µ‡∏Å‡∏≠‡∏¢‡πà‡∏≤‡∏á‡∏î‡∏µ‡πÑ‡∏°‡πà‡∏î‡∏µ‡∏°‡∏±‡∏ô‡∏Å‡πá‡∏≠‡∏¢‡∏π‡πà‡∏ó‡∏µ‡πà‡∏ß‡πà‡∏≤ ‡∏¢‡∏Å‡∏≠‡∏∞‡πÑ‡∏£‡∏°‡∏≤‡πÄ‡∏ó‡∏µ‡∏¢‡∏ö ‡∏™‡∏≥‡∏´‡∏£‡∏±‡∏ö‡∏ú‡∏°‡∏ä‡∏≠‡∏ö‡∏£‡∏π‡∏õ‡∏•‡∏±‡∏Å‡∏©‡∏ì‡πå‡πÅ‡∏ö‡∏ö‡∏ô‡∏µ‡πâ ‡πÅ‡∏•‡∏∞‡∏£‡∏∞‡∏ö‡∏ö‡∏Ç‡∏≠‡∏á ios ‡πÅ‡∏•‡∏∞‡∏Ñ‡∏ß‡∏≤‡∏°‡πÄ‡∏™‡∏ñ‡∏µ‡∏¢‡∏£","0"
"‡πÉ‡∏ä‡πâ15‡∏ñ‡πà‡∏≤‡∏¢‡∏à‡∏£‡∏¥‡∏á‡∏´‡∏£‡∏≠‡∏Ñ‡∏£‡∏±‡∏ö ‡∏ô‡∏∂‡∏Å‡∏ß‡πà‡∏≤‡∏Å‡∏•‡πâ‡∏≠‡∏á ‡πÇ‡∏õ‡∏£","0"
"‡∏à‡∏±‡∏î‡∏°‡∏≤‡πÅ‡∏•‡πâ‡∏ß ‡∏™‡∏µ‡πÄ‡∏Ç‡∏µ‡∏¢‡∏ß ‡∏•‡∏∞‡∏°‡∏∏‡∏ô‡∏°‡∏≤‡∏Å ‡∏à‡∏≤‡∏ÅXs max‡∏°‡∏≤15+","0"
"‡∏™‡∏µ‡∏ä‡∏°‡∏û‡∏π‡∏Ñ‡∏∑‡∏≠‡∏™‡∏ß‡∏¢‡∏à‡∏£‡∏¥‡∏á ‡∏™‡∏µ‡∏ä‡∏ß‡∏ô‡∏´‡∏•‡∏á‡∏ó‡∏¥‡πâ‡∏á‡∏ï‡∏±‡∏ßTop‡πÅ‡∏ö‡∏ö 15Pro/Promax‡πÄ‡∏•‡∏¢‡∏Ñ‡∏£‡∏±‡∏ö","0"
"‡∏õ‡∏Å‡∏ï‡∏¥‡πÉ‡∏ä‡πâ Pro Max ‡∏ï‡∏•‡∏≠‡∏î ‡πÅ‡∏ï‡πà‡∏õ‡∏µ‡∏ô‡∏µ‡πâ ‡∏à‡∏∞‡∏°‡∏≤‡πÄ‡∏≠‡∏≤‡∏ï‡∏±‡∏ß‡∏ô‡∏µ‡πâ‡πÅ‡∏ó‡∏ô‡∏•‡∏∞‡∏Ñ‡πà‡∏∞ ‡∏™‡∏µ‡∏´‡∏ß‡∏≤‡∏ô‡πÄ‡∏Å‡∏¥‡∏ô‡∏ô‡∏ô‡∏ô ‡∏ô‡πà‡∏≤‡∏£‡∏±‡∏Å‡∏°‡∏≤‡∏Å","0"
"‡∏™‡∏≠‡∏¢‡∏™‡∏µ‡∏ä‡∏°‡∏û‡∏π 15 plus ‡∏ä‡∏≠‡∏ö‡∏à‡∏≠‡πÉ‡∏´‡∏ç‡πà ‡πÑ‡∏°‡πà‡πÄ‡∏ô‡πâ‡∏ô‡∏ñ‡πà‡∏≤‡∏¢‡∏£‡∏π‡∏õ ‡πÅ‡∏ö‡∏ï‡∏≠‡∏∂‡∏î‡∏°‡∏≤‡∏Å‡∏Ñ‡πà‡∏∞ ‡∏≠‡∏¢‡∏π‡πà‡πÑ‡∏î‡πâ‡πÄ‡∏õ‡πá‡∏ô‡∏ß‡∏±‡∏ô","0"
"‡∏õ‡∏∏‡πà‡∏°‡∏ô‡∏µ‡πâ‡πâ‡∏°‡∏µ‡∏õ‡∏£‡∏∞‡πÇ‡∏¢‡∏ä‡∏ô‡πå‡∏°‡∏≤‡∏Å ‡∏≠‡∏¢‡πà‡∏≤‡∏á‡∏Å‡∏≤‡∏£‡∏≠‡∏±‡∏î‡∏ß‡∏¥‡∏î‡∏µ‡πÇ‡∏≠‡∏î‡πà‡∏ß‡∏ô ‡∏ñ‡πâ‡∏≤‡πÄ‡∏£‡∏≤‡πÄ‡∏à‡∏≠‡πÄ‡∏´‡∏ï‡∏∏‡∏Å‡∏≤‡∏£‡∏ì‡πå‡∏â‡∏∏‡∏Å‡πÄ‡∏â‡∏¥‡∏ô ‡πÄ‡∏ä‡πà‡∏ô ‡πÄ‡∏à‡∏≠‡πÉ‡∏Ñ‡∏£‡∏à‡∏∞‡∏°‡∏≤‡∏ó‡∏≥‡∏£‡πâ‡∏≤‡∏¢‡πÄ‡∏£‡∏≤ ‡πÄ‡∏à‡∏≠‡∏≠‡∏∏‡∏ö‡∏±‡∏ï‡∏¥‡πÄ‡∏´‡∏ï‡∏∏ ‡πÄ‡∏à‡∏≠‡∏Ñ‡∏ô‡∏£‡πâ‡∏≤‡∏¢ ‡∏´‡∏£‡∏∑‡∏≠‡πÄ‡∏´‡∏ï‡∏∏‡∏ó‡∏µ‡πà‡∏à‡∏≥‡πÄ‡∏õ‡πá‡∏ô‡∏ó‡∏µ‡πà‡∏ï‡πâ‡∏≠‡∏á‡∏°‡∏µ‡∏´‡∏•‡∏±‡∏Å‡∏ê‡∏≤‡∏ô‡πÄ‡∏≠‡∏≤‡πÑ‡∏ß‡πâ‡∏™‡∏π‡πâ‡∏Ñ‡∏î‡∏µ‡∏Ñ‡∏•‡∏¥‡∏õ‡∏ß‡∏¥‡∏î‡∏µ‡πÇ‡∏≠‡∏°‡∏±‡∏ô‡∏™‡∏≤‡∏°‡∏≤‡∏£‡∏ñ‡πÄ‡∏≠‡∏≤‡∏°‡∏≤‡∏ä‡πà‡∏ß‡∏¢‡πÄ‡∏£‡∏≤‡πÑ‡∏î‡πâ‡∏à‡∏£‡∏¥‡∏á‡πÜ‡∏Ñ‡∏£‡∏±‡∏ö","0"
"‡∏à‡∏£‡∏¥‡∏á‡πÜ‡∏Ç‡∏≠‡∏ö‡∏°‡∏±‡∏ô‡∏ö‡∏≤‡∏á‡∏•‡∏á‡∏Å‡∏ß‡πà‡∏≤ 14 ‡∏ô‡∏∞","0"
"‡πÇ‡∏î‡∏¢‡∏£‡∏ß‡∏°‡πÜ‡∏£‡∏ß‡∏°‡∏Ç‡∏¢‡∏±‡∏ö‡∏à‡∏≤‡∏Å 13p ‡∏°‡∏≤ 15p ‡πÅ‡∏ô‡πà‡∏ô‡∏≠‡∏ô‡∏Ñ‡∏£‡∏±‡∏ö ‡∏ú‡∏°‡∏°‡∏≠‡∏á‡∏ñ‡∏∂‡∏á‡∏Å‡∏≤‡∏£‡πÉ‡∏ä‡πâ type c ‡∏Å‡∏±‡∏ö A17pro ‡πÄ‡∏ô‡πâ‡∏ô‡πÜ‡πÄ‡∏•‡∏¢‡∏Ñ‡∏£‡∏±‡∏ö","0"
"‡πÄ‡∏•‡∏∑‡∏≠‡∏Åpromax ‡πÄ‡∏û‡∏£‡∏≤‡∏∞‡∏°‡∏±‡∏ô‡πÄ‡∏ö‡∏≤‡πÅ‡∏•‡∏∞‡∏ï‡∏≠‡∏ö‡πÇ‡∏à‡∏ó‡∏¢‡πå‡∏°‡∏≤‡∏Å ‡πÅ‡∏ö‡∏ï‡∏≠‡∏∂‡∏î‡πÉ‡∏ä‡πâ‡πÑ‡∏î‡πâ‡∏ô‡∏≤‡∏ô ‡πÉ‡∏ä‡πâ‡∏á‡∏≤‡∏ô‡∏Å‡∏•‡πâ‡∏≠‡∏á‡πÇ‡∏î‡∏¢‡∏õ‡∏Å‡∏ï‡∏¥ ‡πÄ‡∏ô‡πâ‡∏ô‡∏ã‡∏π‡∏°  5 X ‡∏Å‡πá‡πÇ‡∏≠‡πÄ‡∏Ñ","0"
"iphone 15 pro ‡πÉ‡∏ä‡πâ‡∏á‡∏≤‡∏ô‡πÄ‡∏•‡πà‡∏ô‡πÇ‡∏ã‡πÄ‡∏ä‡∏µ‡πà‡∏¢‡∏•‡∏ó‡∏±‡πà‡∏ß‡πÑ‡∏õ‡πÑ‡∏°‡πà‡∏°‡∏µ‡∏≠‡∏≤‡∏Å‡∏≤‡∏£‡∏£‡πâ‡∏≠‡∏ô‡πÄ‡∏•‡∏¢ ‡∏Ç‡∏ô‡∏≤‡∏î‡πÄ‡∏õ‡∏¥‡∏î 5 g ‡∏Å‡πá‡∏°‡∏µ‡∏≠‡∏∏‡πà‡∏ô‡∏Ç‡∏∂‡πâ‡∏ô‡∏°‡∏≤‡∏ö‡∏≤‡∏á‡∏ô‡∏¥‡∏î‡∏´‡∏ô‡πà‡∏≠‡∏¢‡πÅ‡∏Ñ‡πà‡∏ö‡∏≤‡∏á‡∏Ñ‡∏£‡∏±‡πâ‡∏á ‡πÅ‡∏ï‡πà‡∏Å‡πá‡πÑ‡∏°‡πà‡∏≠‡∏∏‡πà‡∏ô‡πÄ‡∏ó‡πà‡∏≤‡πÄ‡∏´‡∏°‡∏∑‡∏≠‡∏ô‡∏ï‡∏≠‡∏ô‡πÉ‡∏ä‡πâ iphone 13 pro max","0"
"‡∏ä‡∏≠‡∏ö‡∏ï‡∏≠‡∏ô‡∏ñ‡πà‡∏≤‡∏¢‡∏ß‡∏¥‡∏î‡∏µ‡πÇ‡∏≠‡∏°‡∏≤‡∏Å ‡∏î‡∏π‡∏•‡∏∞‡∏°‡∏∏‡∏ô‡πÜ ‡∏™‡∏ß‡∏¢‡∏î‡∏µ","0"
"‡πÉ‡∏ä‡πâ 15 pro ‡∏°‡∏≤‡πÄ‡∏´‡∏°‡∏∑‡∏≠‡∏ô‡∏Å‡∏±‡∏ô‡∏Å‡πá‡πÅ‡∏ö‡∏ï‡∏≠‡∏∂‡∏î‡∏î‡∏µ ‡πÅ‡∏ï‡πà‡∏≠‡∏≤‡∏à‡πÄ‡∏û‡∏£‡∏≤‡∏∞‡∏ú‡∏°‡πÑ‡∏°‡πà‡πÄ‡∏•‡πà‡∏ô‡πÄ‡∏Å‡∏°‡πÄ‡∏•‡∏¢‡∏î‡πâ‡∏ß‡∏¢555","0"
"‡πÄ‡∏™‡∏µ‡∏¢‡∏á 15 ‡∏°‡∏±‡∏ô‡∏î‡∏π‡∏ü‡∏±‡∏á‡πÅ‡∏•‡πâ‡∏ß‡∏ô‡∏∏‡πà‡∏°‡∏Å‡∏ß‡πà‡∏≤ ‡∏´‡∏£‡∏∑‡∏≠‡∏Ñ‡∏¥‡∏î‡πÑ‡∏õ‡πÄ‡∏≠‡∏á","0"
"15 ‡∏ä‡∏±‡∏î‡πÉ‡∏™‡∏Å‡∏ß‡πà‡∏≤‡∏Ñ‡πà‡∏∞","0"
"‡∏ú‡∏°‡πÄ‡∏õ‡∏•‡∏µ‡πà‡∏¢‡∏ô‡∏à‡∏≤‡∏Å14pm ‡∏°‡∏≤15pm ‡πÉ‡∏ä‡πâ‡∏á‡∏≤‡∏ô‡∏ó‡∏±‡πà‡∏ß‡πÑ‡∏õ‡∏Å‡πá‡πÑ‡∏°‡πà‡∏£‡πâ‡∏≠‡∏ô‡πÄ‡∏•‡∏¢‡∏Ñ‡∏£‡∏±‡∏ö‡∏ñ‡πâ‡∏≤‡πÄ‡∏ó‡∏µ‡∏¢‡∏ö‡∏Å‡∏±‡∏ö‡∏ï‡∏≠‡∏ô14pm‡πÉ‡∏ä‡πâ‡∏ó‡∏±‡πà‡∏ß‡πÑ‡∏õ‡∏≠‡∏∏‡πà‡∏ô‡πÜ‡∏£‡πâ‡∏≠‡∏ô‡∏á‡πà‡∏≤‡∏¢","0"
"‡πÉ‡∏Ñ‡∏£‡∏ö‡∏≠‡∏Å‡∏£‡πâ‡∏≠‡∏ô‡∏á‡πà‡∏≤‡∏¢‡∏Ñ‡∏∑‡∏ô‡πÄ‡∏Ñ‡∏£‡∏∑‡πà‡∏≠‡∏á‡∏≠‡∏∞‡πÑ‡∏£‡∏°‡∏±‡πà‡∏ß‡∏ó‡∏±‡πâ‡∏á‡∏ô‡∏±‡πâ‡∏ô‡∏ú‡∏°‡πÉ‡∏ä‡πâ‡∏≠‡∏¢‡∏π‡πà‡πÄ‡∏õ‡πá‡∏ô‡πÄ‡∏Å‡∏°‡πÅ‡∏ï‡πà‡πà‡∏ú‡∏°‡πÉ‡∏™‡πà‡πÄ‡∏Ñ‡∏™‡∏ô‡∏∞‡πÑ‡∏°‡πà‡πÄ‡∏´‡πá‡∏ô‡∏à‡∏∞‡πÄ‡πÄ‡∏•‡∏Ñ‡∏≠‡∏∞‡πÑ‡∏£‡πÄ‡∏•‡∏¢","0"
"‡∏ó‡∏≥‡πÑ‡∏° 15 plus ‡∏Ñ‡∏ô‡∏™‡∏ß‡∏¢‡∏Å‡∏ß‡πà‡∏≤‡πÄ‡∏â‡∏¢","0"
"‡∏™‡πà‡∏ß‡∏ô‡∏ï‡∏±‡∏ß‡∏ú‡∏°‡∏ß‡πà‡∏≤ ‡πÄ‡∏û‡∏¥‡πà‡∏°‡πÄ‡∏á‡∏¥‡∏ô‡πÑ‡∏°‡πà‡∏Å‡∏µ‡πà‡∏ö‡∏≤‡∏ó ‡πÑ‡∏î‡πâ‡πÄ‡∏Ñ‡∏£‡∏∑‡πà‡∏≠‡∏á‡πÄ‡∏ö‡∏≤‡∏Ç‡∏∂‡πâ‡∏ô ‡∏ä‡∏¥‡∏õ‡πÅ‡∏£‡∏á ‡πÅ‡∏ö‡∏ï‡πÉ‡∏´‡∏°‡πà ‡∏Ç‡∏≠‡∏ö‡∏à‡∏≠‡∏ö‡∏≤‡∏á ‡∏Å‡∏•‡πâ‡∏≠‡∏á‡∏î‡∏µ‡∏Ç‡∏∂‡πâ‡∏ô‡∏ô‡∏¥‡∏î‡πÜ ‡∏ã‡∏π‡∏° 5x type C ‡πÄ‡∏Ñ‡∏£‡∏∑‡πà‡∏≠‡∏á‡πÉ‡∏´‡∏°‡πà ‡∏õ‡∏£‡∏∞‡∏Å‡∏±‡∏ô‡∏≠‡∏µ‡∏Å‡∏õ‡∏µ  ‡πÄ‡∏≠‡πâ‡∏≤‡πÑ‡∏õ‡πÜ ‡∏°‡∏≤‡πÜ‡∏Å‡πá‡πÑ‡∏î‡πâ‡πÄ‡∏¢‡∏≠‡∏∞‡πÄ‡∏´‡∏°‡∏∑‡∏≠‡∏ô‡∏ô‡∏∞‡∏Ñ‡∏£‡∏±‡∏ö","0"
"15promax ‡∏ú‡∏°‡∏ä‡∏≠‡∏ö‡∏ô‡∏∞ ‡∏°‡∏±‡∏ô‡πÄ‡∏ö‡∏≤‡πÅ‡∏•‡∏∞‡∏ï‡∏≠‡∏ö‡πÇ‡∏à‡∏ó‡∏¢‡πå ‡∏Ñ‡∏ô‡∏≠‡∏¢‡∏≤‡∏Å‡πÉ‡∏ä‡πâ‡πÅ‡∏ï‡πà‡∏Å‡∏±‡∏á‡∏ß‡∏•‡∏ô‡πâ‡∏≥‡∏´‡∏ô‡∏±‡∏Å","0"
"15 plus ‡∏™‡∏µ‡∏ä‡∏°‡∏û‡∏π‡∏´‡∏ß‡∏≤‡∏ô‡∏°‡∏≤‡∏Å ‡∏Ñ‡∏∑‡∏≠‡∏ï‡πâ‡∏≠‡∏á‡∏à‡∏±‡∏î‡∏î","0"
"‡∏Ñ‡∏∏‡πâ‡∏° ‡∏Ç‡∏ô‡∏≤‡∏î‡πÄ‡∏•‡πá‡∏Å‡∏•‡∏á ‡πÄ‡∏ö‡∏≤‡∏•‡∏á ‡πÉ‡∏Ñ‡∏£‡πÉ‡∏ä‡πâ pro ‡∏≠‡∏¢‡∏π‡πà‡∏¢‡πâ‡∏≤‡∏¢‡∏°‡∏≤ pro max ‡πÑ‡∏î‡πâ‡πÄ‡∏•‡∏¢","0"
"‡πÉ‡∏ä‡πà‡πÄ‡∏õ‡∏•‡∏µ‡πà‡∏¢‡∏ô‡∏ô‡πâ‡∏≠‡∏¢ ‡πÅ‡∏ï‡πà‡∏à‡∏∏‡∏î‡∏ó‡∏µ‡πà‡πÄ‡∏õ‡∏•‡∏µ‡πà‡∏¢‡∏ô‡∏Å‡πá‡πÇ‡∏î‡∏ô‡πÉ‡∏à‡∏´‡∏•‡∏≤‡∏¢‡∏Ñ‡∏ô‡πÄ‡∏´‡∏°‡∏∑‡∏≠‡∏ô‡∏Å‡∏±‡∏ô ‡∏Ñ‡∏∑‡∏≠‡πÄ‡∏£‡∏∑‡πà‡∏≠‡∏á‡∏ô‡πâ‡∏≥‡∏´‡∏ô‡∏±‡∏Å ‡∏£‡∏π‡∏õ‡∏ó‡∏£‡∏á‡∏ó‡∏µ‡πà‡∏î‡∏π‡∏°‡∏ô‡∏à‡∏±‡∏ö‡∏ñ‡∏∑‡∏≠‡πÑ‡∏°‡πà‡∏Ñ‡∏°‡∏£‡∏∞‡πÄ‡∏Ñ‡∏∑‡∏≠‡∏á‡∏°‡∏∑‡∏≠","0"
"‡∏û‡∏∂‡πà‡∏á‡∏à‡∏±‡∏î 15 pro max ‡∏™‡∏µ‡∏î‡∏≥‡∏î‡πâ‡∏≤‡∏ô ‡∏™‡∏ß‡∏¢‡∏°‡∏≤‡∏Å ‡∏Å‡∏∞‡∏ß‡πà‡∏≤‡πÉ‡∏ä‡πâ‡∏¢‡∏≤‡∏ß‡πÜ","0"
"‡∏ï‡∏≠‡∏ô14pm ‡∏≠‡∏≠‡∏Å‡πÉ‡∏´‡∏°‡πà‡πÜ ‡∏Ñ‡∏ô‡∏Å‡πá‡∏à‡∏∞‡∏ö‡∏≠‡∏Å‡∏ß‡πà‡∏≤13pm‡∏Å‡πá‡πÑ‡∏°‡πà‡∏ï‡πà‡∏≤‡∏á ‡∏ï‡∏≠‡∏ô‡∏ô‡∏µ‡πâ15pm‡∏≠‡∏≠‡∏Å ‡∏Ñ‡∏ô‡πÉ‡∏ä‡πâ14pm ‡∏Å‡πá‡∏ö‡∏≠‡∏Å‡∏ß‡πà‡∏≤‡πÑ‡∏°‡πà‡∏ï‡πà‡∏≤‡∏á ‡∏™‡∏£‡∏∏‡∏õ ‡∏°‡∏µ‡πÄ‡∏á‡∏¥‡∏ô‡∏Å‡πá‡∏ã‡∏∑‡πâ‡∏≠‡πÉ‡∏´‡∏°‡πà‡∏Ñ‡∏£‡∏±‡∏ö ‡∏£‡∏∏‡πà‡∏ô‡πÉ‡∏´‡∏°‡πà‡∏¢‡πà‡∏≠‡∏°‡∏î‡∏µ‡∏Å‡∏ß‡πà‡∏≤‡∏£‡∏∏‡πà‡∏ô‡πÄ‡∏Å‡πà‡∏≤‡πÄ‡∏™‡∏°‡∏≠ ‡∏≠‡∏≤‡∏à‡∏à‡∏∞‡πÑ‡∏°‡πà‡∏°‡∏≤‡∏Å","0"
"‡πÇ‡∏´‡∏î‡∏°‡∏≤‡∏Å! ‡∏ñ‡πà‡∏≤‡∏¢‡∏ï‡∏±‡∏ß‡πÄ‡∏≠‡∏á‡πÉ‡∏Å‡∏•‡πâ‡∏Ç‡∏ô‡∏≤‡∏î‡∏ô‡∏µ‡πâ ‡πÄ‡∏ô‡∏µ‡∏¢‡∏ô‡∏Å‡∏£‡∏¥‡πä‡∏ö","0"
"‡∏™‡πà‡∏ß‡∏ô‡∏ï‡∏±‡∏ß‡∏ó‡∏µ‡πà‡∏≠‡∏¢‡∏≤‡∏Å‡πÄ‡∏õ‡∏•‡∏µ‡πà‡∏¢‡∏ô‡πÄ‡∏û‡∏£‡∏≤‡∏∞‡∏ï‡∏¥‡∏î‡πÄ‡∏£‡∏∑‡πà‡∏≠‡∏á‡∏ô‡πâ‡∏≥‡∏´‡∏ô‡∏±‡∏Å 15pm‡∏ó‡∏µ‡πà‡πÑ‡∏õ‡∏à‡∏±‡∏ö‡∏°‡∏≤‡πÄ‡∏ö‡∏≤‡∏Å‡∏ß‡πà‡∏≤‡∏à‡∏£‡∏¥‡∏á‡πÜ","0"
"15 promax ‡∏Ç‡∏≠‡∏á‡∏ú‡∏° ‡πÅ‡∏ö‡∏ï‡πÑ‡∏´‡∏•‡∏ô‡∏∞‡∏ï‡∏≠‡∏ô17.0.2 ‡∏û‡∏≠‡∏°‡∏≤ 17.0.3 ‡πÇ‡∏Ñ‡∏£‡∏ï‡∏≠‡∏∂‡∏î 7 ‡∏ñ‡∏∂‡∏á8 ‡∏ä‡∏±‡πà‡∏ß‡πÇ‡∏°‡∏á ‡∏≠‡∏¢‡πà‡∏≤‡∏á‡∏ä‡∏≠‡∏ö","0"
"‡πÄ‡∏£‡∏∑‡πà‡∏≠‡∏á‡∏≠‡∏∑‡πà‡∏ô‡πÑ‡∏°‡πà‡∏Ñ‡πà‡∏≠‡∏¢‡πÄ‡∏ô‡πâ‡∏ô‡∏Ñ‡∏£‡∏±‡∏ö‡∏™‡∏≥‡∏´‡∏£‡∏±‡∏ö‡∏ú‡∏° ‡πÄ‡∏ô‡πâ‡∏ô‡πÄ‡∏£‡∏∑‡πà‡∏≠‡∏á‡πÄ‡∏î‡∏µ‡∏¢‡∏ß‡∏Ñ‡∏∑‡∏≠‡∏£‡∏∞‡∏ö‡∏ö‡∏ã‡∏≠‡∏ü‡πÅ‡∏ß‡∏£‡πå‡∏°‡∏±‡∏ô‡∏î‡∏µ‡πÅ‡∏•‡∏∞‡∏™‡πÄ‡∏ñ‡∏µ‡∏¢‡∏£","0"
"‡∏ú‡∏°‡∏ß‡πà‡∏≤‡∏ô‡πâ‡∏≥‡∏´‡∏ô‡∏±‡∏Å‡∏ï‡πà‡∏≤‡∏á ‡∏£‡∏π‡πâ‡∏™‡∏∂‡∏Å‡πÄ‡∏ö‡∏≤‡∏Ç‡∏∂‡πâ‡∏ô","0"
"17.0.3 ‡πÑ‡∏°‡πà‡∏£‡πâ‡∏≠‡∏ô‡πÅ‡∏•‡πâ‡∏ß ‡πÅ‡∏ö‡∏ï‡∏≠‡∏∂‡∏î‡∏Ç‡∏∂‡πâ‡∏ô","0"
"‡∏ú‡∏°‡πÉ‡∏ä‡πâ15plus‡∏°‡∏≤‡∏≠‡∏≤‡∏ó‡∏¥‡∏ï‡∏¢‡πå‡∏ô‡∏∂‡∏á ‡∏ñ‡πà‡∏≤‡∏¢‡∏£‡∏π‡∏õ‡∏™‡∏ß‡∏¢‡∏Å‡∏ß‡πà‡∏≤14pro‡∏Ñ‡∏£‡∏±‡∏ö‡πÄ‡∏û‡∏£‡∏≤‡∏∞‡πÅ‡∏ü‡∏ô‡πÉ‡∏ä‡πâ14pro ‡πÄ‡∏´‡πá‡∏ô‡∏ä‡∏±‡∏î‡πÄ‡∏•‡∏¢‡∏ß‡πà‡∏≤15plus‡∏™‡∏ß‡∏¢‡∏Å‡∏ß‡πà‡∏≤ ‡∏°‡∏µ‡∏ü‡∏µ‡πÄ‡∏à‡∏≠‡∏£‡πåphotonic engine‡πÅ‡∏ö‡∏ö‡πÉ‡∏´‡∏°‡πà ‡∏†‡∏≤‡∏û‡∏£‡∏±‡∏ö‡πÅ‡∏™‡∏á‡∏î‡∏µ‡∏Å‡∏ß‡πà‡∏≤‡∏™‡∏ß‡πà‡∏≤‡∏á‡∏Å‡∏ß‡πà‡∏≤‡πÄ‡∏¢‡∏≠‡∏∞","0"
"‡∏ú‡∏°‡∏Å‡πá‡∏ã‡∏∑‡πâ‡∏≠15 ‡∏™‡∏µ‡∏ü‡πâ‡∏≤‡∏°‡∏≤ ‡∏ã‡∏∑‡πâ‡∏≠‡∏°‡∏≤‡πÄ‡∏û‡∏£‡∏≤‡∏∞‡∏™‡∏µ‡πÄ‡∏•‡∏¢‡∏™‡πà‡∏ß‡∏ô‡∏ï‡∏±‡∏ß‡πÑ‡∏°‡πà‡πÑ‡∏î‡πâ‡∏ñ‡πà‡∏≤‡∏¢‡∏£‡∏π‡∏õ‡∏≠‡∏∞‡πÑ‡∏£‡∏Ç‡∏ô‡∏≤‡∏î‡∏ô‡∏±‡πâ‡∏ô ‡∏ä‡∏≠‡∏ö‡∏ô‡πâ‡∏≥‡∏´‡∏ô‡∏±‡∏Å‡∏ó‡∏µ‡πà‡πÄ‡∏ö‡∏≤‡∏î‡πâ‡∏ß‡∏¢‡∏Ñ‡∏£‡∏±‡∏ö","0"
"‡∏ã‡∏∑‡πâ‡∏≠‡∏£‡∏∏‡πà‡∏ô‡πÉ‡∏´‡∏°‡πà  ip15 plus ‡∏™‡∏µ‡∏´‡∏ß‡∏≤‡∏ô‡∏ä‡∏≠‡∏ö‡∏Ñ‡πà‡∏∞ ‡πÑ‡∏°‡πà‡∏ä‡∏≠‡∏ö‡∏™‡∏µ‡∏Ñ‡∏∏‡∏°‡πÇ‡∏ó‡∏ô‡∏°‡∏∑‡∏î‡πÜ","0"
"‡∏à‡∏±‡∏î iPhone 15 plus ‡∏™‡∏µ‡∏ü‡πâ‡∏≤ ‡∏°‡∏≤‡πÄ‡∏£‡∏µ‡∏¢‡∏ö‡∏£‡πâ‡∏≠‡∏¢‡πÅ‡∏•‡πâ‡∏ß‡∏Ñ‡∏£‡∏±‡∏ö ‡πÉ‡∏ä‡πâ‡∏î‡∏µ‡∏°‡∏≤‡∏Å‡πÄ‡∏•‡∏¢‡∏Ñ‡∏£‡∏±‡∏ö","0"
"‡πÉ‡∏ä‡πâ 15plus ‡∏°‡∏≤‡∏≠‡∏≤‡∏ó‡∏¥‡∏ï‡∏¢‡πå‡∏ô‡∏∂‡∏á‡∏•‡∏∞‡∏Ñ‡∏£‡∏±‡∏ö ‡∏ú‡∏°‡∏ß‡πà‡∏≤‡∏Å‡∏•‡πâ‡∏≠‡∏á‡∏™‡∏ß‡∏¢‡∏Å‡∏ß‡πà‡∏≤‡∏ï‡∏≠‡∏ô 14 ‡∏ô‡∏∞ ‡πÄ‡∏Å‡πá‡∏ö‡πÅ‡∏™‡∏á‡∏Å‡∏±‡∏ö‡∏£‡∏≤‡∏¢‡∏•‡∏∞‡πÄ‡∏≠‡∏µ‡∏¢‡∏î‡∏†‡∏≤‡∏û‡∏î‡∏µ‡∏Å‡∏ß‡πà‡∏≤‡∏ô‡πà‡∏≤‡∏à‡∏∞‡πÄ‡∏û‡∏£‡∏≤‡∏∞‡πÑ‡∏î‡πâ‡πÄ‡∏ó‡∏Ñ‡πÇ‡∏ô‡πÇ‡∏•‡∏¢‡∏µ‡πÉ‡∏´‡∏°‡πà ‡πÄ‡∏ã‡πá‡∏ô‡πÄ‡∏ã‡∏≠‡∏î‡∏µ‡∏Å‡∏ß‡πà‡∏≤‡πÄ‡∏î‡∏¥‡∏° ‡∏ú‡∏°‡πÄ‡∏õ‡∏£‡∏µ‡∏¢‡∏ö‡πÄ‡∏ó‡∏µ‡∏¢‡∏ö‡πÑ‡∏î‡πâ‡∏ä‡∏±‡∏î‡πÄ‡∏û‡∏£‡∏≤‡∏∞‡πÅ‡∏ü‡∏ô‡πÉ‡∏ä‡πâ 14pro ‡∏≠‡∏¢‡∏π‡πà ‡∏ñ‡∏∑‡∏≠‡∏ß‡πà‡∏≤ 15plus ‡∏î‡∏µ‡∏Å‡∏ß‡πà‡∏≤‡∏£‡∏∞‡∏î‡∏±‡∏ö‡∏ô‡∏∂‡∏á‡πÄ‡∏•‡∏¢","0"
"‡∏à‡∏±‡∏î iPhone 15 plus ‡∏°‡∏≤‡πÅ‡∏•‡πâ‡∏ß‡∏Ñ‡∏£‡∏±‡∏ö ‡∏Å‡∏•‡πâ‡∏≠‡∏á‡∏™‡∏ß‡∏¢ ‡∏à‡∏≠‡∏™‡∏ß‡∏¢ ‡πÅ‡∏ö‡∏ï‡∏≠‡∏∂‡∏î ‡∏ä‡∏≠‡∏ö‡∏°‡∏≤‡∏Å‡πÄ‡∏•‡∏¢‡∏Ñ‡∏£‡∏±‡∏ö","0"
"‡∏ú‡∏°‡πÉ‡∏ä‡πâ‡∏°‡∏≤ 2 ‡∏≠‡∏≤‡∏ó‡∏¥‡∏ï‡∏¢‡πå‡πÑ‡∏°‡πà‡∏°‡∏µ‡∏õ‡∏±‡∏ç‡∏´‡∏≤‡πÄ‡∏•‡∏¢‡∏Ñ‡∏£‡∏±‡∏ö","0"
"iphone ‡∏ô‡∏≥‡πÇ‡∏•‡∏Å‡∏≠‡∏¢‡∏π‡πà‡πÄ‡∏™‡∏°‡∏≠‡∏Ñ‡∏£‡∏±‡∏ö ","0"
"15 plus ‡∏ä‡∏°‡∏û‡∏π 256gb ‡∏°‡∏≤‡πÅ‡∏•‡πâ‡∏ß‡∏Ñ‡πâ‡∏≤‡∏ö ‡∏´‡∏ß‡∏≤‡∏ô‡πÄ‡∏à‡∏µ‡πä‡∏¢‡∏ö‡πÄ‡∏•‡∏¢‡∏¢‡∏¢üíï ‡∏™‡∏µ‡∏™‡∏ß‡∏¢ ‡∏ö‡∏≠‡∏î‡∏µ‡πâ‡∏î‡∏µ‡∏ú‡∏¥‡∏ß‡∏™‡∏±‡∏°‡∏ú‡∏±‡∏™‡∏î‡∏µ ‡∏ñ‡∏ô‡∏±‡∏î‡∏°‡∏∑‡∏≠  ‡πÅ‡∏ö‡∏ï‡∏≠‡∏∂‡∏î‡∏°‡∏≤‡∏Å ‡∏õ‡∏Å‡∏ï‡∏¥‡πÉ‡∏ä‡πâ‡∏ï‡∏±‡∏ß Pro ‡∏à‡∏≠6.1‡∏Ç‡∏≠‡∏á‡∏ó‡∏∏‡∏Å‡∏£‡∏∏‡πà‡∏ô  ‡πÅ‡∏ï‡πà‡∏Ñ‡∏£‡∏±‡πâ‡∏á‡∏ô‡∏µ‡πâ‡πÄ‡∏•‡∏∑‡∏≠‡∏Å‡∏à‡∏≠ 6.7 ‡∏ä‡∏≠‡∏ö‡∏°‡∏≤‡∏Å","0"
"15 plus ‡πÅ‡∏ö‡∏ï‡∏≠‡∏∂‡∏î‡∏°‡∏≤‡∏Å‡∏Ñ‡πà‡∏∞ ‡πÉ‡∏ä‡πâ‡∏°‡∏≤2‡∏≠‡∏≤‡∏ó‡∏¥‡∏ï‡∏¢‡πå‡πÅ‡∏•‡πâ‡∏ß ‡∏ä‡∏≤‡∏£‡πå‡∏à‡πÑ‡∏ß‡πâ‡∏ï‡∏≠‡∏ô‡∏Å‡∏•‡∏≤‡∏á‡∏Ñ‡∏∑‡∏ô ‡πÅ‡∏ö‡∏ï‡∏°‡∏≤‡∏´‡∏°‡∏î‡∏≠‡∏µ‡∏Å‡∏ó‡∏µ‡πÄ‡∏Å‡∏∑‡∏≠‡∏ö 4‡∏ó‡∏∏‡πà‡∏°‡∏Ç‡∏≠‡∏á‡∏≠‡∏µ‡∏Å‡∏ß‡∏±‡∏ô ‡πÄ‡∏Ñ‡∏£‡∏∑‡πà‡∏≠‡∏á‡∏°‡∏µ‡∏£‡πâ‡∏≠‡∏ô‡∏ö‡πâ‡∏≤‡∏á ‡πÅ‡∏ï‡πà‡πÑ‡∏°‡πà‡∏°‡∏≤‡∏Å","0"
"‡πÄ‡∏Ñ‡∏£‡∏∑‡πà‡πâ‡∏≠‡∏á‡∏ú‡∏°‡πÑ‡∏°‡πà‡∏£‡πâ‡∏≠‡∏ô‡πÄ‡∏•‡∏¢ ‡∏ï‡∏±‡πâ‡∏á‡πÅ‡∏ï‡πà‡∏ã‡∏∑‡πâ‡∏≠‡∏°‡∏≤ 15 promax","0"
"‡∏î‡∏π‡πÅ‡∏•‡πâ‡∏ß‡πÑ‡∏°‡πà‡∏°‡∏µ‡πÄ‡∏´‡∏ï‡∏∏‡∏ú‡∏•‡∏≠‡∏∞‡πÑ‡∏£‡∏ó‡∏µ‡πà‡∏à‡∏∞‡∏Å‡∏•‡∏±‡∏ö‡πÑ‡∏õ‡∏ã‡∏∑‡πâ‡∏≠ 14   ‡πÄ‡∏û‡∏£‡∏≤‡∏∞ 15 ‡∏ñ‡∏∑‡∏≠‡∏ß‡πà‡∏≤‡∏õ‡∏£‡∏±‡∏ö‡πÄ‡∏õ‡∏•‡∏µ‡πà‡∏¢‡∏ô‡πÑ‡∏õ‡πÄ‡∏¢‡∏≠‡∏∞ ‡∏ó‡∏±‡πâ‡∏á‡∏´‡∏ô‡πâ‡∏≤‡∏à‡∏≠ ‡∏Å‡∏≤‡∏£‡∏ä‡∏≤‡∏£‡πå‡∏ó ‡∏õ‡∏∏‡πà‡∏° mute ‡πÄ‡∏´‡∏°‡∏∑‡∏≠‡∏ô‡πÄ‡∏õ‡πá‡∏ô iphone  ‡πÄ‡∏à‡∏ô‡πÉ‡∏´‡∏°‡πà‡∏ó‡∏µ‡πà‡∏ï‡∏±‡∏î‡∏ï‡∏≠‡∏ô‡∏Å‡∏≤‡∏£ update ‡πÉ‡∏ô‡∏≠‡∏ô‡∏≤‡∏Ñ‡∏ï‡πÄ‡∏•‡∏¢","0"
"‡∏ï‡πà‡∏≠‡πÉ‡∏´‡πâ‡∏à‡∏∞‡∏°‡∏µ‡∏Ñ‡∏ô‡∏î‡πà‡∏≤‡πÅ‡∏Ñ‡πà‡πÑ‡∏´‡∏ô ‡πÅ‡∏ï‡πà‡∏ú‡∏°‡∏Å‡πá‡πÄ‡∏•‡∏∑‡∏≠‡∏Å iPhone ‡∏Ñ‡∏£‡∏±‡∏ö ‡πÄ‡∏Ç‡∏≤‡∏Ç‡∏≤‡∏¢ software ‡∏°‡∏≤‡∏Å‡∏Å‡∏ß‡πà‡∏≤ ‡∏Ñ‡∏ß‡∏≤‡∏°‡πÄ‡∏™‡∏ñ‡∏µ‡∏¢‡∏£‡∏≠‡∏∞‡πÑ‡∏£ ‡πÄ‡∏î‡∏µ‡πã‡∏¢‡∏ß‡∏Å‡πá‡∏°‡∏µ update ‡∏°‡∏≤‡∏≠‡∏¢‡∏π‡πà‡πÅ‡∏•‡πâ‡∏ß ‡πÄ‡∏ó‡πà‡∏≤‡πÑ‡∏´‡∏£‡πà‡∏Å‡πá‡∏à‡πà‡∏≤‡∏¢‡∏Ñ‡∏£‡∏±‡∏ö","0"
"‡∏™‡∏µ‡∏Ç‡∏≠‡∏áiphone 15 ~15 plus ‡∏™‡∏ß‡∏¢‡∏ó‡∏∏‡∏Å‡∏™‡∏µ‡πÄ‡∏•‡∏¢","0"
"‡∏ä‡∏≠‡∏ö 15 Pro Max","0"
"15promax ‡πÑ‡∏õ‡πÉ‡∏´‡πâ‡∏™‡∏∏‡∏î‡∏Ñ‡∏£‡∏±‡∏ö","0"
"15‡πÇ‡∏õ‡∏£‡πÑ‡∏õ‡πÄ‡∏•‡∏¢‡∏Ñ‡∏£‡∏±‡∏ö","0"
"‡∏ó‡∏≥‡πÑ‡∏°‡πÄ‡∏Ñ‡∏£‡∏∑‡πà‡∏≠‡∏á‡πÄ‡∏£‡∏≤‡πÑ‡∏°‡πà‡∏°‡∏µ‡∏õ‡∏±‡∏ç‡∏´‡∏≤‡∏≠‡∏∞‡πÑ‡∏£‡πÄ‡∏•‡∏¢ ‡πÅ‡∏ö‡∏ï‡∏≠‡∏∂‡∏î ‡∏•‡∏µ‡πà‡∏ô‡∏õ‡∏∑‡πâ‡∏î ‡∏ô‡∏µ‡πà‡πÄ‡∏õ‡∏•‡∏µ‡πà‡∏¢‡∏ô‡∏à‡∏≤‡∏Å 14 pro max ‡∏°‡∏≤ 1 5 pro max ‡∏ï‡∏±‡πâ‡∏á‡πÅ‡∏ï‡πà‡πÑ‡∏î‡πâ‡πÄ‡∏Ñ‡∏£‡∏∑‡πà‡∏≠‡∏á‡∏°‡∏≤‡πÑ‡∏°‡πà‡∏°‡∏µ‡∏õ‡∏±‡∏ç‡∏´‡∏≤‡∏≠‡∏∞‡πÑ‡∏£‡πÄ‡∏•‡∏¢ üòäüòä","0"
"‡πÉ‡∏Ñ‡∏£‡∏™‡∏ô‚Ä¶‡πÅ‡∏ñ‡∏ß‡∏ï‡πà‡∏≠‡∏ã‡∏∑‡πâ‡∏≠‡∏¢‡∏±‡∏á‡∏¢‡∏≤‡∏ß‡πÄ‡∏´‡∏¢‡∏µ‡∏¢‡∏î","0"
"‡∏™‡πà‡∏ß‡∏ô‡∏ï‡∏±‡∏ß‡∏ô‡∏∞‡∏Ñ‡∏£‡∏±‡∏ö‡∏¢‡πâ‡∏≤‡∏¢‡∏à‡∏≤‡∏Å 13p ‡∏°‡∏≤ 15p ‡∏Ñ‡∏ß‡∏≤‡∏°‡πÅ‡∏ï‡∏Å‡∏ï‡πà‡∏≤‡∏á‡∏ó‡∏µ‡πà‡πÇ‡∏≠‡πÄ‡∏Ñ‡∏™‡∏∏‡∏î‡πÄ‡∏•‡∏¢‡πÑ‡∏°‡πà‡πÉ‡∏ä‡πà type c ‡πÅ‡∏ï‡πà‡∏Ñ‡∏∑‡∏≠‡∏ô‡πâ‡∏≥‡∏´‡∏ô‡∏±‡∏Å‡∏ó‡∏µ‡πà‡πÄ‡∏ö‡∏≤‡∏•‡∏á‡∏ô‡∏µ‡πà‡πÅ‡∏´‡∏•‡∏∞‡∏Ñ‡∏£‡∏±‡∏ö‡∏û‡∏Å‡∏û‡∏≤‡∏™‡∏∞‡∏î‡∏ß‡∏Å‡∏Ç‡∏∂‡πâ‡∏ô‡πÄ‡∏•‡πà‡∏ô‡∏ô‡∏≤‡∏ô‡πÜ‡πÑ‡∏°‡πà‡∏õ‡∏ß‡∏î‡∏°‡∏∑‡∏≠‡πÄ‡∏ó‡πà‡∏≤ 13p","0"
"‡πÄ‡∏õ‡πá‡∏ô‡∏Ñ‡∏ô‡πÄ‡∏î‡∏µ‡∏¢‡∏ß‡∏´‡∏£‡∏∑‡∏≠‡πÄ‡∏õ‡∏•‡πà‡∏≤‡∏ó‡∏µ‡πà‡πÑ‡∏°‡πà‡∏£‡πâ‡∏≠‡∏ô ‡∏ó‡∏±‡πâ‡∏á‡πÄ‡∏•‡πà‡∏ô‡πÄ‡∏Å‡∏° ‡∏ó‡∏±‡πâ‡∏á‡πÉ‡∏ä‡πâ‡∏á‡∏≤‡∏ô‡∏ó‡∏±‡πà‡∏ß‡πÑ‡∏õ ‡πÅ‡∏ï‡πà‡∏à‡∏∞‡∏£‡πâ‡∏≠‡∏ô‡πÅ‡∏Ñ‡πà‡∏ï‡∏≠‡∏ô‡∏≠‡∏±‡∏û‡πÄ‡∏î‡∏ó‡πÅ‡∏≠‡∏õ‡∏ï‡∏≠‡∏ô‡∏¢‡πâ‡∏≤‡∏¢‡πÄ‡∏Ñ‡∏£‡∏∑‡πà‡∏≠‡∏á‡∏Ñ‡∏£‡∏±‡πâ‡∏á‡πÅ‡∏£‡∏Å","0"
"‡∏Ç‡∏≠‡∏á‡∏ú‡∏°‡∏£‡πâ‡∏≠‡∏ô‡∏ï‡∏≠‡∏ô‡∏ä‡∏≤‡∏£‡πå‡∏à‡πÄ‡∏Ñ‡∏£‡∏∑‡πà‡∏≠‡∏á‡∏Ñ‡∏£‡∏±‡πâ‡∏á‡πÅ‡∏£‡∏Å‡∏™‡∏∏‡∏î‡πÄ‡∏•‡∏¢‡πÅ‡∏•‡πâ‡∏ß‡∏´‡∏•‡∏±‡∏á‡∏à‡∏≤‡∏Å‡∏ô‡∏±‡πâ‡∏ô‡∏Å‡πá‡∏õ‡∏Å‡∏ï‡∏¥‡∏ó‡∏∏‡∏Å‡∏≠‡∏¢‡πà‡∏≤‡∏á‡∏Ñ‡∏£‡∏±‡∏ö ‡∏•‡∏∑‡πà‡∏ô‡πÅ‡∏ö‡∏ï‡∏≠‡∏∂‡∏î","0"
"‡∏ó‡∏µ‡∏° 15 Pro ‡πÄ‡∏´‡∏°‡∏∑‡∏≠‡∏ô‡∏Å‡∏±‡∏ô‡∏Ñ‡∏£‡∏±‡∏ö ‡πÑ‡∏õ‡∏•‡∏≠‡∏á‡∏à‡∏±‡∏ö‡∏ï‡∏±‡∏ß Pro Max ‡∏ï‡πà‡∏≠‡πÉ‡∏´‡πâ‡πÄ‡∏ö‡∏≤‡πÅ‡∏Ñ‡πà‡πÑ‡∏´‡∏ô‡πÅ‡∏ï‡πà‡∏Å‡πá‡πÉ‡∏ä‡πâ‡∏á‡∏≤‡∏ô‡∏°‡∏∑‡∏≠‡πÄ‡∏î‡∏µ‡∏¢‡∏ß‡∏•‡∏≥‡∏ö‡∏≤‡∏Å‡∏°‡∏≤‡∏Å","0"
"‡∏ú‡∏°‡πÉ‡∏ä‡πâ15plus‡∏°‡∏≤‡∏≠‡∏≤‡∏ó‡∏¥‡∏ï‡∏¢‡πå‡∏ô‡∏∂‡∏á‡∏•‡∏∞‡∏Ñ‡∏£‡∏±‡∏ö ‡∏ú‡∏°‡∏ß‡πà‡∏≤‡∏Å‡∏•‡πâ‡∏≠‡∏á‡∏™‡∏ß‡∏¢‡∏Å‡∏ß‡πà‡∏≤14PM‡∏ô‡∏∞‡∏Ñ‡∏£‡∏±‡∏ö‡πÄ‡∏û‡∏£‡∏≤‡∏∞‡πÅ‡∏ü‡∏ô‡∏ú‡∏°‡πÉ‡∏ä‡πâ14PM‡∏≠‡∏¢‡∏π‡πà ‡πÄ‡∏≠‡∏≤‡πÄ‡∏ó‡∏µ‡∏¢‡∏ö‡∏•‡∏∞‡πÄ‡∏´‡πá‡∏ô‡πÜ‡πÄ‡∏•‡∏¢‡∏ß‡πà‡∏≤ 15plus ‡πÄ‡∏Å‡πá‡∏ö‡πÅ‡∏™‡∏á‡∏™‡∏ß‡πà‡∏≤‡∏á‡∏î‡∏µ‡∏Å‡∏ß‡πà‡∏≤+‡∏™‡∏Å‡∏¥‡∏ô‡πÇ‡∏ó‡∏ô‡∏™‡∏ß‡∏¢‡∏Å‡∏ß‡πà‡∏≤‡∏£‡∏∞‡∏î‡∏±‡∏ö‡∏ô‡∏∂‡∏á‡πÄ‡∏•‡∏¢","0"
"‡∏´‡∏ô‡∏π‡∏ä‡∏∑‡πâ‡∏≠‡πÅ‡∏Ñ‡πà 15 ‡∏õ‡∏Å‡∏ï‡∏¥ ‡∏û‡∏≠‡πÉ‡∏à‡∏°‡∏≤‡∏Å‡πÜ‡πÜ‡∏Ñ‡πà‡∏∞‡∏ä‡∏≠‡∏ö ‡πÄ‡∏ö‡∏≤ ‡∏°‡∏≤‡∏Å‡∏à‡∏±‡∏ö‡∏™‡∏ö‡∏≤‡∏¢‡∏°‡∏∑‡∏≠‡∏°‡∏≤‡∏Å‡πÜ‡πÜ","0"
"‡πÑ‡∏õ‡∏•‡∏≠‡∏á‡∏à‡∏±‡∏ö‡πÄ‡∏Ñ‡∏£‡∏∑‡πà‡∏≠‡∏á‡πÅ‡∏•‡∏∞‡∏î‡∏π‡∏™‡∏µ‡∏à‡∏£‡∏¥‡∏á‡πÜ‡∏°‡∏≤‡πÅ‡∏•‡πâ‡∏ß White Titanium ‡∏™‡∏ß‡∏¢‡∏™‡∏∏‡∏î‡πÅ‡∏•‡∏∞‡πÑ‡∏°‡πà‡∏Ñ‡πà‡∏≠‡∏¢‡∏ï‡∏¥‡∏î‡∏£‡∏≠‡∏¢‡∏ô‡∏¥‡πâ‡∏ß‡∏°‡∏∑‡∏≠‡πÄ‡∏ó‡πà‡∏≤‡∏™‡∏µ‡∏≠‡∏∑‡πà‡∏ô‡∏à‡∏£‡∏¥‡∏á‡∏Ñ‡πà‡∏∞","0"
"‡∏ä‡∏≠‡∏ö‡∏°‡∏¥‡∏ï‡∏¥‡∏Ç‡∏≠‡∏á‡∏™‡∏µ‡πÅ‡∏•‡∏∞‡∏†‡∏≤‡∏û‡∏Ç‡∏≠‡∏á‡∏Å‡∏•‡πâ‡∏≠‡∏á iphone 15 ‡∏î‡∏π‡∏î‡∏µ‡∏°‡∏≤‡∏Å‡πÜ","0"